citystring	mean_dist	std_dist	mean_time	std_time	num_guesses	dists0	dists1	dists2	dists3	dists4	dists5	dists6	dists7	dists8	dists9	times0	times1	times2	times3	times4	times5	times6	times7	times8	times9	region0	region1	region2	region3	region4	region5	region6	region7	region8	region9	country0	country1	country2	country3	country4	country5	country6	country7	country8	country9
Saint-Denis, Reunion	6035.836594393834	466.9259747723224	3.7833333333333554	1.0280780342194054	4	5800.53442467411	5698.159389747995	5803.416956004259	6841.235607148975							3.6000000000000227	4.066666666666688	5.166666666666684	2.3000000000000274							California	California	California	Texas							United States	United States	United States	United States						
Nouakchott, Mauritania	5393.722118586835	0	6.300000000000013	0	1	5393.722118586835										6.300000000000013										California										United States									
Gaborone, Botswana	4937.722091245606	0	2.6000000000000263	0	1	4937.722091245606										2.6000000000000263										Saxony										Germany									
Blantyre, Malawi	3922.2557700112943	2510.238912270532	4.288888888888909	2.084214628411364	3	5801.2166973070725	374.31245052520956	5591.238162201602								2.43333333333336	3.2333333333333574	7.20000000000001								Unknown	Unknown	Unknown								Unknown	Unknown	Unknown							
Lubango, Angola	3249.3775940279	0	8.166666666666673	0	1	3249.3775940279										8.166666666666673										Mazovia										Poland									
Kitwe, Zambia	3029.7145008393213	2064.6092252507538	5.675000000000015	2.4521390888591683	4	5461.138055550355	4453.466276725928	2018.742069811093	185.51160126991155							1.7666666666666944	6.033333333333347	6.36666666666668	8.533333333333339							Unknown	Unknown	Unknown	California							Unknown	Unknown	Unknown	United States						
Praia, Cabo Verde	2822.2643149961673	1545.2547533710435	7.816666666666675	0.45307590730227126	4	3730.913407448318	3722.8808941268103	3689.3219826872705	145.94097572227025							7.233333333333343	8.500000000000005	7.833333333333341	7.700000000000008							California	California	California	New South Wales							United States	United States	United States	Australia						
Malindi, Kenya	2530.9184666572	0	5.133333333333351	0	1	2530.9184666572										5.133333333333351										California										United States									
Al Khums, Libya	2421.8685598101074	130.13262191791387	4.083333333333354	2.183333333333326	2	2291.7359378921933	2552.001181728021									1.900000000000028	6.26666666666668									Oregon	Oregon									United States	United States								
Guéckédou, Guinea	2399.6328739293513	0	3.2666666666666906	0	1	2399.6328739293513										3.2666666666666906										Massachusetts										United States									
N’Zérékoré, Guinea	2344.918009518873	0	7.800000000000008	0	1	2344.918009518873										7.800000000000008										California										United States									
Gabès, Tunisia	2322.6931372168183	2256.0280049993125	3.41666666666669	1.2166666666666623	2	4578.721142216131	66.66513221750549									2.2000000000000277	4.633333333333352									Texas	Massachusetts									United States	United States								
Nzérékoré, Guinea	2192.9716798570576	0	4.8000000000000185	0	1	2192.9716798570576										4.8000000000000185										California										United States									
Dodoma, Tanzania	1985.187932772498	2111.65407305302	7.044444444444455	0.5659036256998577	3	4965.312672724888	661.7592541821967	328.49187141040903								6.766666666666678	7.833333333333341	6.533333333333346								Saxony	Mazovia	New York								Germany	Poland	United States							
Kamina, Congo (Kinshasa)	1820.5400104299683	0	6.033333333333347	0	1	1820.5400104299683										6.033333333333347										Unknown										Unknown									
Kolwezi, Congo (Kinshasa)	1805.2306967576192	479.07950197146295	6.133333333333347	2.033333333333326	2	1326.151194786156	2284.310198729082									8.166666666666673	4.100000000000021									California	Wales									United States	United Kingdom								
Bamenda, Cameroon	1780.7111202253473	1256.05507428158	4.666666666666686	2.047401243491813	3	684.1566536705209	3539.231201385677	1118.7455056198432								1.8333333333333612	5.566666666666682	6.600000000000012								Unknown	Unknown	Unknown								Unknown	Unknown	Unknown							
Nabeul, Tunisia	1731.1909148424031	1651.5516809211178	5.516666666666683	0.8166666666666638	2	79.63923392128525	3382.742595763521									6.333333333333346	4.700000000000019									Saxony	North Carolina									Germany	United States								
Victoria, Seychelles	1687.6722048165022	165.31550597285218	7.000000000000011	0.11863420280034748	3	1846.1693297041363	1757.2618794771188	1459.585405268252								7.10000000000001	6.833333333333345	7.066666666666677								New South Wales	California	California								Australia	United States	United States							
Abidjan, Côte D’Ivoire	1516.7335506070244	1879.1686442331118	5.616666666666682	1.8503002759312033	4	156.0929745814092	1067.3181574297887	4705.796440294211	137.7266301226892							6.600000000000012	3.500000000000023	4.233333333333354	8.13333333333334							Île-de-France	Oregon	Oregon	California							France	United States	United States	United States						
Garoua, Cameroon	1493.688483121483	842.3446623608845	8.166666666666673	0.2666666666666657	2	2336.0331454823677	651.3438207605984									7.9000000000000075	8.433333333333339									Saxony	California									Germany	United States								
Mwanza, Tanzania	1469.5946444546764	1134.1421174886698	7.658333333333341	0.9810354507129438	4	3303.770090330299	1521.2247496043226	519.0482933038522	534.3354445802323							8.533333333333339	7.633333333333342	6.066666666666681	8.400000000000006							Oregon	Oregon	California	California							United States	United States	United States	United States						
Isiro, Congo (Kinshasa)	1428.4732695136734	405.8306688167746	6.722222222222233	1.0275224908174978	3	950.0113963067729	1942.2100795404692	1393.198332693778								6.433333333333346	5.633333333333349	8.100000000000007								Île-de-France	Michigan	New South Wales								France	United States	Australia							
Butembo, Congo (Kinshasa)	1426.8050953086347	67.33411102250011	5.133333333333351	1.2999999999999954	2	1494.1392063311348	1359.4709842861346									3.8333333333333552	6.433333333333346									California	California									United States	United States								
Goma, Congo (Kinshasa)	1416.8319977998278	0	7.933333333333341	0	1	1416.8319977998278										7.933333333333341										California										United States									
Kipushi, Congo (Kinshasa)	1409.5207182073905	0	8.266666666666673	0	1	1409.5207182073905										8.266666666666673										New South Wales										Australia									
Sarh, Chad	1388.408075446532	983.2939202692024	5.716666666666682	0.11666666666666625	2	405.11415517732956	2371.7019957157345									5.600000000000016	5.833333333333348									Oregon	Oregon									United States	United States								
Jijel, Algeria	1354.9676795206776	0	8.300000000000006	0	1	1354.9676795206776										8.300000000000006										Västerbotten										Sweden									
Wamba, Congo (Kinshasa)	1346.8157618843181	0	8.100000000000007	0	1	1346.8157618843181										8.100000000000007										New South Wales										Australia									
Bukavu, Congo (Kinshasa)	1337.0112235286133	0	8.33333333333334	0	1	1337.0112235286133										8.33333333333334										New South Wales										Australia									
Kadugli, Sudan	1293.362551672616	0	5.466666666666683	0	1	1293.362551672616										5.466666666666683										Texas										United States									
Cape Coast, Ghana	1286.9346044311849	0	7.500000000000009	0	1	1286.9346044311849										7.500000000000009										Mazovia										Poland									
Kigali, Rwanda	1244.7998898983967	1573.40846166419	6.066666666666681	1.5563490039904946	4	67.75621180623622	954.7396213203103	3896.253447548246	60.45027891879416							3.8666666666666885	6.000000000000014	6.133333333333347	8.266666666666673							Unknown	Unknown	Unknown	New South Wales							Unknown	Unknown	Unknown	Australia						
Middelburg, South Africa	1226.9645918818005	0	6.400000000000013	0	1	1226.9645918818005										6.400000000000013										Michigan										United States									
Chimoio, Mozambique	1217.4491118493156	1131.4921531674331	5.133333333333351	0.7898663740715163	4	224.35461751536837	3073.3855084149	1184.8472386505996	387.20908281639504							5.700000000000015	5.966666666666681	4.933333333333351	3.933333333333355							Unknown	Unknown	Unknown	California							Unknown	Unknown	Unknown	United States						
Nampula, Mozambique	1195.3051781071927	0	8.03333333333334	0	1	1195.3051781071927										8.03333333333334										California										United States									
Gedaref, Sudan	1191.387387267586	0	8.166666666666673	0	1	1191.387387267586										8.166666666666673										New South Wales										Australia									
Brikama, Gambia, The	1165.9634534480933	1546.0085166826234	7.883333333333341	0.2852873794770605	4	91.46700353825327	3795.5755611417617	12.92292037353662	763.888328738822							8.23333333333334	8.03333333333334	7.800000000000008	7.466666666666676							California	California	California	Pennsylvania							United States	United States	United States	United States						
Katsina, Nigeria	1143.6677302615435	951.2673769456046	4.391666666666686	1.8841996532568703	4	2788.8218978218492	511.07329754325576	625.3062630913304	649.4694625897382							1.733333333333361	6.966666666666677	3.933333333333355	4.933333333333351							Saxony	Île-de-France	Michigan	Florida							Germany	France	United States	United States						
Port Harcourt, Nigeria	1093.1821301647017	1143.0769751067044	5.45555555555557	3.1580975676684733	3	2709.647213519931	299.7121170194459	270.1870599547285								6.933333333333344	1.0666666666666922	8.366666666666672								Oregon	Oregon	California								United States	United States	United States							
Sapele, Nigeria	1073.8518689305756	0	6.433333333333346	0	1	1073.8518689305756										6.433333333333346										Lombardy										Italy									
Arusha, Tanzania	1068.1402323902196	1118.9953850646782	5.638095238095254	1.442927862481876	7	3128.299192969561	447.66006721824544	2492.475505090847	435.85580116062033	161.5715740488549	466.3750845462091	344.74440169720003				3.8333333333333552	4.30000000000002	6.833333333333345	7.700000000000008	6.6666666666666785	6.100000000000014	4.0333333333333545				Unknown	Unknown	Unknown	California	California	California	Massachusetts				Unknown	Unknown	Unknown	United States	United States	United States	United States			
Az Zāwīyah, Libya	1065.205472339029	1459.1288016555984	7.0611111111111216	0.9615605885393246	6	375.445347263517	169.63506101174858	710.6367461170728	443.6292758329707	4308.578108553404	383.30829525546255					6.633333333333345	7.166666666666677	8.366666666666672	6.36666666666668	5.666666666666682	8.166666666666673					California	California	California	Florida	North Carolina	Västerbotten					United States	United States	United States	United States	United States	Sweden				
Eldoret, Kenya	1045.71803265419	1034.0028420399947	6.87777777777779	0.9052658023141602	3	347.1816940833127	282.4314600090692	2507.540943870188								8.13333333333334	6.466666666666679	6.033333333333347								Unknown	Unknown	Unknown								Unknown	Unknown	Unknown							
Boma, Congo (Kinshasa)	1040.2475269248034	611.1663917761301	8.088888888888896	0.5180685878610989	3	1756.4751781752973	1101.120576205122	263.14682639399103								7.4333333333333425	8.13333333333334	8.700000000000005								California	California	California								United States	United States	United States							
Lusaka, Zambia	1018.9362956190079	1127.6161249480035	4.4444444444444615	2.6197728673576224	3	2612.407398917218	168.21398559976058	276.1875023400448								7.066666666666677	5.400000000000016	0.866666666666692								Saxony	Île-de-France	Michigan								Germany	France	United States							
Brits, South Africa	995.3904292610907	0	7.766666666666675	0	1	995.3904292610907										7.766666666666675										New South Wales										Australia									
Libreville, Gabon	971.7435174804509	1084.9325121778043	3.9222222222222416	3.3812482171784977	3	170.67780711828397	2505.562801474714	238.9899438483547								8.666666666666671	2.066666666666695	1.0333333333333588								New South Wales	Île-de-France	Michigan								Australia	France	United States							
Cidade de Nacala, Mozambique	966.2815184724432	0	8.000000000000007	0	1	966.2815184724432										8.000000000000007										New South Wales										Australia									
Ed Damazin, Sudan	957.8360859720169	666.0238131558897	7.866666666666674	0.7666666666666639	2	291.8122728161273	1623.8598991279066									8.633333333333338	7.10000000000001									California	Mazovia									United States	Poland								
Inhambane, Mozambique	956.0309592703122	1076.3569058231901	7.30000000000001	0.5557777333511003	4	215.23685094722333	178.82369447014722	635.8686305588319	2794.1946611050466							8.100000000000007	7.500000000000009	6.966666666666677	6.633333333333345							California	California	California	California							United States	United States	United States	United States						
Ndola, Zambia	926.3545796172475	0	4.866666666666685	0	1	926.3545796172475										4.866666666666685										North Carolina										United States									
Gibraltar, Gibraltar	916.0791444665024	1252.855657799599	7.51111111111112	0.8102735401557541	3	28.015117365925615	32.339467646744936	2687.8828483868365								8.03333333333334	8.13333333333334	6.36666666666668								California	California	Pennsylvania								United States	United States	United States							
Bujumbura, Burundi	913.510587868897	1896.9293642972357	6.305555555555569	1.8011741712176825	6	100.80401056547072	5154.244264504872	21.59058210976949	13.222220985223856	66.10471339053466	125.09773565751158					6.133333333333347	2.6000000000000263	8.23333333333334	7.566666666666675	6.933333333333344	6.36666666666668					California	Michigan	California	California	California	California					United States	United States	United States	United States	United States	United States				
Bama, Nigeria	913.5038644753691	0	7.9000000000000075	0	1	913.5038644753691										7.9000000000000075										New South Wales										Australia									
Gemena, Congo (Kinshasa)	912.8045546749087	0	5.866666666666681	0	1	912.8045546749087										5.866666666666681										Île-de-France										France									
Cabinda, Angola	892.4129652637869	37.81421444861866	3.633333333333355	1.8333333333333275	2	854.5987508151682	930.2271797124055									5.466666666666683	1.8000000000000278									Île-de-France	Michigan									France	United States								
Maroua, Cameroon	864.0869632105208	0	8.200000000000006	0	1	864.0869632105208										8.200000000000006										New South Wales										Australia									
Tobruk, Libya	848.9914820017814	39.608911847630225	7.616666666666675	0.31666666666666554	2	809.3825701541512	888.6003938494116									7.30000000000001	7.933333333333341									California	California									United States	United States								
Livingstone, Zambia	831.7490246771706	294.86008218030315	7.285714285714296	1.1307894619495826	7	1319.78548739237	1033.290618935589	923.2997835649597	402.69396215166097	737.985677643159	484.4480137425408	920.7396293099158				5.300000000000017	6.033333333333347	7.333333333333343	7.4333333333333425	8.100000000000007	8.766666666666671	8.03333333333334				California	Île-de-France	Michigan	California	California	California	New South Wales				United States	France	United States	United States	United States	United States	Australia			
Sabhā, Libya	829.2271010006365	344.8528531536992	6.655555555555568	1.669183285174565	3	1316.277148853463	563.9782731419049	607.4258810065417								8.300000000000006	7.30000000000001	4.366666666666687								California	New South Wales	Massachusetts								United States	Australia	United States							
Kano, Nigeria	820.9695530736509	721.0504516775954	6.983333333333344	0.8254628331359832	4	515.820685743093	320.20845330965716	2063.8745552698697	383.97451797198363							7.633333333333342	6.633333333333345	5.800000000000015	7.866666666666674							Unknown	Unknown	Unknown	New South Wales							Unknown	Unknown	Unknown	Australia						
Shinyanga, Tanzania	817.688548087431	0	2.43333333333336	0	1	817.688548087431										2.43333333333336										California										United States									
Mekele, Ethiopia	812.1468336055534	73.27906707455827	6.833333333333345	0.5333333333333314	2	738.8677665309951	885.4259006801117									6.300000000000013	7.366666666666676									Île-de-France	Michigan									France	United States								
Ādīgrat, Ethiopia	806.0492614473382	0	8.03333333333334	0	1	806.0492614473382										8.03333333333334										New South Wales										Australia									
Tanga, Tanzania	803.3815117669985	546.4688233879758	5.100000000000017	1.2666666666666622	2	1349.8503351549743	256.9126883790228									6.36666666666668	3.8333333333333552									Île-de-France	Michigan									France	United States								
Sabha, Libya	800.5946529063956	0	7.266666666666676	0	1	800.5946529063956										7.266666666666676										New South Wales										Australia									
Luanda, Angola	794.7264455269035	545.0302679893532	5.420000000000016	2.673541139055499	5	1458.945116087387	1394.3429881723837	631.8259698774024	405.50161369439144	83.01653980295283						1.7666666666666944	2.6000000000000263	7.233333333333343	7.366666666666676	8.13333333333334						California	California	New South Wales	New South Wales	New South Wales						United States	United States	Australia	Australia	Australia					
Benoni, South Africa	794.617281092999	285.8521368677041	6.516666666666679	1.564271218313636	4	455.73669672971647	1228.9796656223357	649.9829912110694	843.7697708088743							4.233333333333354	7.700000000000008	5.933333333333348	8.200000000000006							Unknown	Unknown	Unknown	New York							Unknown	Unknown	Unknown	United States						
Matadi, Congo (Kinshasa)	793.1535313079164	0	3.3666666666666902	0	1	793.1535313079164										3.3666666666666902										Massachusetts										United States									
Mubi, Nigeria	793.1220501597629	0	8.23333333333334	0	1	793.1220501597629										8.23333333333334										California										United States									
Kindu, Congo (Kinshasa)	792.5764426983524	463.50429923287254	8.022222222222231	0.13966450099973876	3	1042.6735695286916	1192.2591662048233	142.7965923615418								8.166666666666673	8.066666666666674	7.833333333333341								New South Wales	New South Wales	New South Wales								Australia	Australia	Australia							
Lichinga, Mozambique	790.858316076487	285.04346950343046	7.991666666666673	0.39325917379989583	4	458.6223762713289	1033.2079416037207	560.2608386553444	1111.342107775554							7.533333333333342	8.600000000000005	8.03333333333334	7.800000000000008							California	California	California	New South Wales							United States	United States	United States	Australia						
Kananga, Congo (Kinshasa)	786.086734884596	129.22260567722603	6.650000000000013	1.655602161909225	6	918.2754866897728	575.0775313210993	700.9467464948867	944.270837844432	843.3091915843428	734.6406153730427					5.466666666666683	3.6000000000000227	6.933333333333344	8.100000000000007	7.4333333333333425	8.366666666666672					Île-de-France	Michigan	California	California	California	California					France	United States	United States	United States	United States	United States				
Morogoro, Tanzania	783.4534002112325	0	7.733333333333341	0	1	783.4534002112325										7.733333333333341										New South Wales										Australia									
Johannesburg, South Africa	778.0135270075072	195.17745543104715	6.000000000000014	1.7025036030853204	3	1048.540476346316	595.2870570271682	690.2130476490375								6.100000000000014	8.03333333333334	3.8666666666666885								Saxony	Île-de-France	Michigan								Germany	France	United States							
Conakry, Guinea	769.7531217255203	684.4738261981342	7.283333333333343	0.5833333333333313	2	85.27929552738604	1454.2269479236545									7.866666666666674	6.700000000000012									New South Wales	Texas									Australia	United States								
Vryheid, South Africa	757.9817994961173	0	8.166666666666673	0	1	757.9817994961173										8.166666666666673										New South Wales										Australia									
Tete, Mozambique	751.8184319757377	251.28749476005072	7.775000000000008	0.500763306252452	4	819.6008753816163	1019.1724730266807	338.943498456862	829.5568810377919							7.000000000000011	7.700000000000008	8.33333333333334	8.066666666666674							California	California	California	New South Wales							United States	United States	United States	Australia						
Mmabatho, South Africa	750.6150955698104	5.337041680221944	4.833333333333352	2.9333333333333234	2	755.9521372500324	745.2780538895885									1.900000000000028	7.766666666666675									California	North Carolina									United States	United States								
Xai-Xai, Mozambique	750.5717111029427	448.92985477938583	7.644444444444453	0.452428290477828	3	1308.2474513934692	734.5176842337085	208.94999768165044								7.1333333333333435	7.566666666666675	8.23333333333334								California	California	California								United States	United States	United States							
El Geneina, Sudan	749.4491821708762	131.06144450746444	5.700000000000015	2.79999999999999	2	618.3877376634117	880.5106266783406									8.500000000000005	2.9000000000000252									California	Massachusetts									United States	United States								
Gandajika, Congo (Kinshasa)	742.4775011932579	69.6800122438122	1.4666666666666934	0.03333333333333344	2	812.1575134370701	672.7974889494457									1.5000000000000269	1.43333333333336									Oregon	Oregon									United States	United States								
Tiarat, Algeria	735.1110036843985	0	4.30000000000002	0	1	735.1110036843985										4.30000000000002										Saxony										Germany									
Gombe, Nigeria	723.4494591141087	0	8.366666666666672	0	1	723.4494591141087										8.366666666666672										New South Wales										Australia									
Bangui, Central African Republic	722.9424465783053	825.8238519456585	8.155555555555562	0.9258962958222038	3	45.24348738260675	1885.5155704843337	238.06828186797551								9.000000000000004	6.866666666666678	8.600000000000005								New South Wales	Texas	California								Australia	United States	United States							
Mbandaka, Congo (Kinshasa)	722.0934671447236	114.4916002634558	8.23333333333334	0.27621784210346684	3	566.1157254397299	762.4565773299845	837.7080986644564								8.600000000000005	8.166666666666673	7.933333333333341								California	Mazovia	North Carolina								United States	Poland	United States							
Bongor, Chad	671.6690903596866	0	8.000000000000007	0	1	671.6690903596866										8.000000000000007										New York										United States									
Uyo, Nigeria	659.4684003096493	0	8.466666666666672	0	1	659.4684003096493										8.466666666666672										California										United States									
Béchar, Algeria	638.1297917175506	0	8.633333333333338	0	1	638.1297917175506										8.633333333333338										California										United States									
Mbanza-Ngungu, Congo (Kinshasa)	637.7663661906141	0	7.6000000000000085	0	1	637.7663661906141										7.6000000000000085										New South Wales										Australia									
Pietermaritzburg, South Africa	637.2756374638651	301.62419967320596	8.000000000000007	0.13333333333333286	2	335.65143779065914	938.899837137071									7.866666666666674	8.13333333333334									New South Wales	California									Australia	United States								
Quelimane, Mozambique	633.2150394483425	271.77118455597054	6.583333333333346	0.8567271919820664	6	552.8406885242708	221.48342331753886	454.02800697874704	636.5783212613572	1044.6077432654185	889.7520533427218					7.400000000000009	5.066666666666684	6.566666666666679	7.066666666666677	5.933333333333348	7.466666666666676					New South Wales	Florida	California	California	Pennsylvania	North Carolina					Australia	United States	United States	United States	United States	United States				
Mombasa, Kenya	632.557738974529	17.09384013251696	4.383333333333353	0.2833333333333323	2	649.6515791070459	615.463898842012									4.666666666666686	4.100000000000021									Île-de-France	Michigan									France	United States								
Kosti, Sudan	632.5243752556902	237.34890746314622	5.850000000000015	1.7166666666666606	2	395.175467792544	869.8732827188364									7.566666666666675	4.133333333333354									Île-de-France	Michigan									France	United States								
Bauchi, Nigeria	623.1100076334044	39.09425535811255	6.983333333333344	1.3833333333333284	2	584.0157522752918	662.2042629915169									8.366666666666672	5.600000000000016									New South Wales	California									Australia	United States								
Moundou, Chad	619.9195667983313	117.0506005212668	7.15000000000001	0.9166666666666634	2	736.9701673195981	502.8689662770645									6.233333333333347	8.066666666666674									Florida	California									United States	United States								
Darnah, Libya	617.4777284638858	309.27694820189305	8.050000000000008	0.4058598553961959	4	95.26417775808552	750.6887324397366	902.7954869901433	721.1625166675777							8.500000000000005	7.566666666666675	8.400000000000006	7.733333333333341							California	California	Pennsylvania	California							United States	United States	United States	United States						
Gusau, Nigeria	617.1598479284708	0	8.766666666666671	0	1	617.1598479284708										8.766666666666671										California										United States									
Kawm Umbū, Egypt	608.9549656673628	7.1353461444052755	8.250000000000007	0.08333333333333304	2	616.0903118117681	601.8196195229575									8.166666666666673	8.33333333333334									California	California									United States	United States								
Zinder, Niger	601.6063605023469	286.6078422174427	6.591666666666679	2.583642454623566	4	543.00739219172	304.9312994873731	484.2717900842943	1074.2149602460004							7.966666666666674	8.433333333333339	7.833333333333341	2.1333333333333613							New South Wales	California	New South Wales	Massachusetts							Australia	United States	Australia	United States						
N’Djamena, Chad	596.9083019111731	423.9349546555091	5.850000000000015	1.2694049349553032	4	462.46526319895605	369.36113025052344	1318.0479622507812	237.7588519444315							4.5000000000000195	4.900000000000018	6.26666666666668	7.733333333333341							California	California	California	California							United States	United States	United States	United States						
Aswān, Egypt	595.3320787235281	0	6.833333333333345	0	1	595.3320787235281										6.833333333333345										North Carolina										United States									
Kendu Bay, Kenya	587.7085093739995	0	5.43333333333335	0	1	587.7085093739995										5.43333333333335										Lombardy										Italy									
Labé, Guinea	586.420590368216	0	6.2000000000000135	0	1	586.420590368216										6.2000000000000135										California										United States									
Arlit, Niger	585.2930844434374	93.38415898691532	6.441666666666679	0.2722080495176836	4	555.1930480188797	644.8634333308582	693.0191798002442	448.0966766237669							6.6666666666666785	6.433333333333346	6.000000000000014	6.6666666666666785							New South Wales	Île-de-France	Michigan	New York							Australia	France	United States	United States						
Kigoma, Tanzania	574.0794529903224	0	8.200000000000006	0	1	574.0794529903224										8.200000000000006										New South Wales										Australia									
Mbeya, Tanzania	562.7677411052239	50.885703154179225	6.933333333333344	1.1999999999999957	2	511.8820379510447	613.6534442594032									8.13333333333334	5.7333333333333485									New South Wales	Michigan									Australia	United States								
Gashua, Nigeria	556.2661730918928	0	5.33333333333335	0	1	556.2661730918928										5.33333333333335										Massachusetts										United States									
Gao, Mali	551.402151876014	0	7.233333333333343	0	1	551.402151876014										7.233333333333343										New South Wales										Australia									
Tubruq, Libya	543.3045062147633	155.45736389005796	5.644444444444459	3.0828478096208216	3	600.5316597731809	698.5231291535848	330.85872971752406								8.13333333333334	7.500000000000009	1.3000000000000262								New South Wales	Île-de-France	Michigan								Australia	France	United States							
Worcester, South Africa	534.3136555293985	317.14083954504025	8.222222222222229	0.47945442245314096	3	826.1931225159195	683.2845029327001	93.46334113957573								8.766666666666671	7.6000000000000085	8.300000000000006								California	California	Pennsylvania								United States	United States	United States							
Mbale, Uganda	533.9789611989569	441.8094251595193	6.038888888888903	2.0760019148876654	6	393.1452615925474	456.1624392725467	405.8079922813261	309.66015801438004	143.00010611108019	1496.0978099218605					5.466666666666683	2.0000000000000284	6.866666666666678	7.4333333333333425	8.600000000000005	5.866666666666681					Île-de-France	Michigan	California	California	California	Mazovia					France	United States	United States	United States	United States	Poland				
Sumbawanga, Tanzania	533.3298650156044	54.441919978138	2.53333333333336	0.29999999999999893	2	587.7717849937424	478.88794503746635									2.233333333333361	2.833333333333359									Île-de-France	Michigan									France	United States								
Sikasso, Mali	528.8146130904493	53.5430034262576	5.783333333333348	1.5833333333333277	2	475.2716096641916	582.3576165167068									4.200000000000021	7.366666666666676									California	Lombardy									United States	Italy								
Agadir, Morocco	528.6112400528934	0	7.9000000000000075	0	1	528.6112400528934										7.9000000000000075										California										United States									
Ngaoundéré, Cameroon	525.9589195885817	0	8.300000000000006	0	1	525.9589195885817										8.300000000000006										New South Wales										Australia									
Harar, Ethiopia	525.1257730675043	315.1835670316179	6.122222222222237	1.0115383712658668	3	283.9880873241578	970.3490226179084	321.0402092604465								5.100000000000017	7.500000000000009	5.766666666666682								Saxony	Mazovia	California								Germany	Poland	United States							
Bahir Dar, Ethiopia	522.7904709370106	11.79410697158741	7.883333333333341	0.18333333333333268	2	510.9963639654232	534.584577908598									8.066666666666674	7.700000000000008									California	California									United States	United States								
Toamasina, Madagascar	517.116636271963	115.28664010209255	6.444444444444457	1.2461298111243582	3	374.24598969787667	656.5776741063081	520.5262450117041								7.10000000000001	4.700000000000019	7.533333333333342								Île-de-France	Michigan	California								France	United States	United States							
Umtata, South Africa	517.0134871516095	232.88056751259683	5.866666666666681	0.8666666666666636	2	284.1329196390127	749.8940546642064									6.733333333333345	5.000000000000018									Île-de-France	Michigan									France	United States								
Nakuru, Kenya	504.5173497281658	182.25490980221892	7.366666666666677	1.0342290025084493	3	710.1883694259249	536.2175301732952	267.14614958527756								5.966666666666681	7.700000000000008	8.433333333333339								Florida	California	Västerbotten								United States	United States	Sweden							
Ijebu Ode, Nigeria	504.11977306153585	41.80315010463221	6.350000000000013	1.316666666666662	2	462.31662295690364	545.9229231661681									7.666666666666675	5.033333333333351									Île-de-France	Michigan									France	United States								
Musoma, Tanzania	498.3190690975986	111.76323736369731	7.866666666666674	0.4678556282539383	4	656.1369054490763	458.29237409810554	348.5441756074734	530.3028212357392							8.100000000000007	7.166666666666677	7.766666666666675	8.433333333333339							New South Wales	California	California	California							Australia	United States	United States	United States						
Baydhabo, Somalia	491.38166465989445	406.7887227034421	4.633333333333352	2.3999999999999915	2	898.1703873633365	84.59294195645234									7.033333333333344	2.233333333333361									Île-de-France	Michigan									France	United States								
Gondar, Ethiopia	490.48505118218156	115.93696466748705	6.333333333333346	0.9999999999999964	2	606.4220158496686	374.5480865146945									7.333333333333343	5.33333333333335									Île-de-France	Michigan									France	United States								
Oshogbo, Nigeria	485.76402485579445	13.33414513029885	6.6666666666666785	0.466666666666665	2	499.0981699860933	472.4298797254956									7.1333333333333435	6.2000000000000135									Île-de-France	Michigan									France	United States								
Malanje, Angola	482.7474243207526	0	7.400000000000009	0	1	482.7474243207526										7.400000000000009										California										United States									
Namibe, Angola	477.9097180504142	0	8.03333333333334	0	1	477.9097180504142										8.03333333333334										California										United States									
Kismaayo, Somalia	477.87092557996016	40.91663122544139	8.216666666666672	0.14999999999999947	2	518.7875568054016	436.95429435451877									8.366666666666672	8.066666666666674									California	New South Wales									United States	Australia								
Springs, South Africa	477.01009045751107	275.3210520564882	7.683333333333341	0.8166666666666638	4	557.8447942871885	867.2553141906462	370.74308161238906	112.19717173982043							8.400000000000006	8.566666666666672	7.10000000000001	6.6666666666666785							California	California	California	California							United States	United States	United States	United States						
Korhogo, Côte D’Ivoire	469.40040858316013	79.36126673874466	7.183333333333343	0.14999999999999947	2	548.7616753219048	390.0391418444155									7.033333333333344	7.333333333333343									Lombardy	California									Italy	United States								
Qinā, Egypt	468.44710037761456	0	3.2666666666666906	0	1	468.44710037761456										3.2666666666666906										Massachusetts										United States									
Luxor, Egypt	466.5627777528555	38.390667985751406	7.883333333333341	0.34999999999999876	2	504.9534457386069	428.1721097671041									8.23333333333334	7.533333333333342									New South Wales	Florida									Australia	United States								
Yamoussoukro, Côte D’Ivoire	456.0515532400265	271.8300687345561	7.4444444444444535	0.992689326408532	3	579.0534375198167	79.12981002628646	709.9714121739764								7.9000000000000075	8.366666666666672	6.066666666666681								California	California	North Carolina								United States	United States	United States							
Souk Ahras, Algeria	453.10412380856854	53.902791744803466	6.783333333333346	1.0750968948580053	4	440.25485262383756	495.0609519455541	506.64197366652843	370.458716998354							6.400000000000013	7.20000000000001	5.300000000000017	8.23333333333334							Unknown	Unknown	Unknown	New South Wales							Unknown	Unknown	Unknown	Australia						
Dire Dawa, Ethiopia	450.94028856357403	0	8.13333333333334	0	1	450.94028856357403										8.13333333333334										New South Wales										Australia									
Kitale, Kenya	450.1784922599571	350.22124743388014	5.950000000000014	2.213506519328796	10	211.63782692978526	598.8846479645118	214.28673384715077	472.79841126331064	344.4186145718881	286.0880095527088	300.1039346757918	1446.7815917917972	320.6639758100992	306.12117619252757	7.800000000000008	5.466666666666683	3.1333333333333577	6.033333333333347	6.500000000000012	7.166666666666677	7.633333333333342	6.233333333333347	0.9000000000000253	8.633333333333338	New South Wales	Île-de-France	Michigan	California	California	California	New South Wales	Oregon	Oregon	California	Australia	France	United States	United States	United States	United States	Australia	United States	United States	United States
Kankan, Guinea	448.3769246406329	0	8.066666666666674	0	1	448.3769246406329										8.066666666666674										New South Wales										Australia									
Bouaké, Côte D’Ivoire	445.2235012658992	244.0586499047809	7.466666666666676	0.466666666666665	2	689.2821511706801	201.1648513611183									7.933333333333341	7.000000000000011									New York	Västerbotten									United States	Sweden								
Kimberley, South Africa	434.20567298416483	214.2621392177915	7.400000000000009	0.8999999999999968	2	648.4678122019563	219.94353376637332									8.300000000000006	6.500000000000012									New South Wales	Massachusetts									Australia	United States								
Divo, Côte D’Ivoire	434.20100464474683	768.5125792797721	5.880952380952396	1.9239391752634365	7	127.0026891652051	64.64075094027011	69.20183518971282	2314.1066181101637	183.88773872917227	158.09523262664328	122.47216775206074				7.700000000000008	8.166666666666673	8.03333333333334	3.033333333333358	5.366666666666683	4.733333333333352	4.133333333333354				New South Wales	New South Wales	New South Wales	Quebec	California	California	California				Australia	Australia	Australia	Canada	United States	United States	United States			
Atbara, Sudan	422.0222346528988	0	5.23333333333335	0	1	422.0222346528988										5.23333333333335										Saxony										Germany									
Uitenhage, South Africa	418.7976557823206	0	8.200000000000006	0	1	418.7976557823206										8.200000000000006										California										United States									
Oujda, Morocco	413.7275390466195	0	8.03333333333334	0	1	413.7275390466195										8.03333333333334										New South Wales										Australia									
Toliara, Madagascar	413.20206574363993	225.66918476639916	8.111111111111118	0.39471821485181213	3	315.33976127363127	725.2056385258413	199.06079743144733								7.633333333333342	8.100000000000007	8.600000000000005								California	California	California								United States	United States	United States							
Kindia, Guinea	407.4668931462768	459.15677975103546	5.555555555555571	2.582610412588362	6	77.24097225884951	359.42207937606497	1387.0388351043696	125.41810035486753	426.0518868869697	69.6294848965395					4.766666666666685	2.2000000000000277	8.166666666666673	7.9000000000000075	2.366666666666694	7.933333333333341					Île-de-France	Michigan	California	New South Wales	California	California					France	United States	United States	Australia	United States	United States				
Zaria, Nigeria	405.814716168324	102.25861456119277	7.783333333333342	0.558022301426105	4	326.2834311098958	309.2584933012346	420.7983500012039	566.9185902609619							7.266666666666676	7.933333333333341	8.633333333333338	7.30000000000001							California	California	California	California							United States	United States	United States	United States						
Maxixe, Mozambique	403.8888510705243	0	8.13333333333334	0	1	403.8888510705243										8.13333333333334										California										United States									
Ed Damer, Sudan	399.98352397197215	186.12838329348187	5.3777777777777915	3.027324125035944	3	161.19580027797852	423.45564761042385	615.2991240275142								7.666666666666675	1.1000000000000256	7.366666666666676								New South Wales	Massachusetts	California								Australia	United States	United States							
Saïda, Algeria	397.1188117763936	0	8.466666666666672	0	1	397.1188117763936										8.466666666666672										California										United States									
Mufulira, Zambia	395.715483957358	0	8.33333333333334	0	1	395.715483957358										8.33333333333334										New South Wales										Australia									
Yei, South Sudan	395.0617279024788	0	7.633333333333342	0	1	395.0617279024788										7.633333333333342										New South Wales										Australia									
El Oued, Algeria	392.0963932382558	41.61637757474005	8.277777777777784	0.3614101326064563	3	409.7049867667654	431.9268309661908	334.65736198181133								7.766666666666675	8.533333333333339	8.533333333333339								New South Wales	California	New York								Australia	United States	United States							
Tukuyu, Tanzania	386.21021908673225	0	7.633333333333342	0	1	386.21021908673225										7.633333333333342										Florida										United States									
Kūstī, Sudan	382.9546725655121	203.17984098962776	7.925000000000007	0.6378675411086514	4	367.3391966541842	200.34112220126545	718.595363794254	245.54300761234478							8.33333333333334	7.1333333333333435	7.500000000000009	8.733333333333338							New South Wales	California	California	California							Australia	United States	United States	United States						
Niamey, Niger	381.13836865134635	468.3312585436222	6.2833333333333465	1.887752926394523	4	1192.2537437804965	102.11436504088748	112.49357418129878	117.69179160270268							3.7000000000000224	5.2666666666666835	7.9000000000000075	8.266666666666673							California	California	New South Wales	New South Wales							United States	United States	Australia	Australia						
Ed Dueim, Sudan	377.4907582357075	52.30125631230791	7.950000000000007	0.2499999999999991	2	429.7920145480154	325.1895019233996									8.200000000000006	7.700000000000008									New South Wales	Lombardy									Australia	Italy								
Sokoto, Nigeria	370.4313971637843	0	6.500000000000012	0	1	370.4313971637843										6.500000000000012										Massachusetts										United States									
Beira, Mozambique	369.2181884599633	0	5.100000000000017	0	1	369.2181884599633										5.100000000000017										Massachusetts										United States									
Kandi, Benin	367.7314893551492	89.29875993995563	7.833333333333341	0.4333333333333318	2	278.4327294151936	457.03024929510485									8.266666666666673	7.400000000000009									California	North Carolina									United States	United States								
Sannār, Sudan	360.1476100883573	215.92572489773235	8.116666666666674	0.6166666666666645	2	576.0733349860897	144.22188519062496									8.733333333333338	7.500000000000009									California	California									United States	United States								
Omdurman, Sudan	358.65811201597296	0	7.800000000000008	0	1	358.65811201597296										7.800000000000008										New York										United States									
Batna, Algeria	354.7128978767045	195.4483843317671	8.183333333333339	0.4483508877191135	6	630.8386500996623	114.87762047770462	346.362660897486	135.16257599689598	330.5080406055978	570.5278391828803					7.533333333333342	8.03333333333334	8.700000000000005	8.766666666666671	8.266666666666673	7.800000000000008					California	California	California	California	California	California					United States	United States	United States	United States	United States	United States				
Wad Medani, Sudan	350.7536807499966	0	8.400000000000006	0	1	350.7536807499966										8.400000000000006										California										United States									
Surt, Libya	348.46247026351267	195.63022810502187	7.994444444444452	0.5892294612667368	6	189.90074151450833	279.0717648180149	205.1746860465431	440.33550310735023	231.55770632715752	744.7344197675018					8.800000000000004	8.100000000000007	7.566666666666675	6.966666666666677	8.400000000000006	8.13333333333334					California	California	California	California	California	New York					United States	United States	United States	United States	United States	United States				
Oyo, Nigeria	339.5894263090322	0	8.533333333333339	0	1	339.5894263090322										8.533333333333339										California										United States									
Edéa, Cameroon	338.2889986620478	356.2283841826932	7.533333333333342	0.89979421515679	3	128.03174183239256	839.8919730426264	46.94328111112439								7.30000000000001	6.566666666666679	8.733333333333338								Île-de-France	Michigan	California								France	United States	United States							
Mascara, Algeria	336.67807587213065	9.939256163302474	8.300000000000006	0.4333333333333318	2	346.6173320354331	326.73881970882815									8.733333333333338	7.866666666666674									California	New South Wales									United States	Australia								
Minna, Nigeria	336.00007512247504	0	7.833333333333341	0	1	336.00007512247504										7.833333333333341										New South Wales										Australia									
Isna, Egypt	335.53429667794387	57.15518095016688	6.450000000000013	1.0833333333333295	2	392.68947762811075	278.379115727777									7.533333333333342	5.366666666666683									Île-de-France	Michigan									France	United States								
Iringa, Tanzania	330.1558596141456	33.88013817876205	8.266666666666673	0.33333333333333215	2	364.03599779290766	296.27572143538356									7.933333333333341	8.600000000000005									New South Wales	California									Australia	United States								
Chipata, Zambia	329.8137696145949	45.593231670383716	5.366666666666683	0.16666666666666607	2	284.2205379442112	375.4070012849786									5.533333333333349	5.200000000000017									Île-de-France	Michigan									France	United States								
Shashemenē, Ethiopia	328.66257678813713	0	6.000000000000014	0	1	328.66257678813713										6.000000000000014										Florida										United States									
Banghazi, Libya	328.1720448104998	263.16095514478644	7.533333333333342	0.4999999999999982	2	65.01108966571338	591.3329999552863									8.03333333333334	7.033333333333344									New South Wales	California									Australia	United States								
George, South Africa	323.34804097123566	0	8.366666666666672	0	1	323.34804097123566										8.366666666666672										New South Wales										Australia									
Thiès, Senegal	320.38233735491303	225.49415471126304	3.966666666666688	1.399999999999995	2	94.88818264365	545.8764920661761									2.566666666666693	5.366666666666683									Île-de-France	Michigan									France	United States								
Jirjā, Egypt	319.81711002292525	157.77314276818436	7.250000000000011	1.4616391103445727	4	496.8330069338651	446.60857651173376	222.7281049812194	113.09875166488293							8.500000000000005	7.700000000000008	8.03333333333334	4.766666666666685							California	California	Pennsylvania	Massachusetts							United States	United States	United States	United States						
Médéa, Algeria	315.65914504175953	0	6.400000000000013	0	1	315.65914504175953										6.400000000000013										Michigan										United States									
Banhā, Egypt	314.37999020076495	0	8.533333333333339	0	1	314.37999020076495										8.533333333333339										New South Wales										Australia									
Chingola, Zambia	314.276492009727	68.34531215252557	7.677777777777787	1.0443262344452569	3	398.9884870770586	231.61502389670278	312.2259650554197								8.13333333333334	8.666666666666671	6.233333333333347								New South Wales	California	Massachusetts								Australia	United States	United States							
Malabo, Equatorial Guinea	312.6585813130744	23.229297224640895	7.4555555555555655	0.5499719409228684	3	328.0973059883957	279.8267776439585	330.05166030686905								8.066666666666674	7.566666666666675	6.733333333333345								California	New South Wales	New York								United States	Australia	United States							
Ibadan, Nigeria	300.3307754406504	41.16660507029175	7.416666666666676	1.1166666666666627	2	341.4973805109422	259.1641703703587									6.300000000000013	8.533333333333339									California	California									United States	United States								
Bouira, Algeria	299.5165217731674	0	4.000000000000021	0	1	299.5165217731674										4.000000000000021										Massachusetts										United States									
Fianarantsoa, Madagascar	299.3234903260474	44.0555030213788	7.933333333333341	0.23726840560069495	3	303.3372693742434	243.4719334428295	351.1612681610693								7.733333333333341	8.266666666666673	7.800000000000008								Saxony	New South Wales	Florida								Germany	Australia	United States							
Osogbo, Nigeria	293.7194536029652	0	8.23333333333334	0	1	293.7194536029652										8.23333333333334										Mazovia										Poland									
Al ‘Arīsh, Egypt	293.4613572887526	0	8.733333333333338	0	1	293.4613572887526										8.733333333333338										California										United States									
Ndjamena, Chad	293.4528241690801	0	8.000000000000007	0	1	293.4528241690801										8.000000000000007										New South Wales										Australia									
Benin City, Nigeria	290.78804584263014	74.17856147342951	6.27777777777779	2.084214628411364	3	210.27500978988286	272.804313675707	389.28481406230054								7.333333333333343	3.3666666666666902	8.13333333333334								Île-de-France	Michigan	New South Wales								France	United States	Australia							
Shashemene, Ethiopia	290.24223944420817	128.35371803010497	7.183333333333344	0.9748219210593138	4	143.73153665950286	284.3594540136809	494.4757495772786	238.40221752637026							8.000000000000007	7.9000000000000075	7.266666666666676	5.566666666666682							New South Wales	Lombardy	Île-de-France	Michigan							Australia	Italy	France	United States						
Maseru, Lesotho	289.8735791241794	188.03055546869805	4.916666666666685	0.14999999999999947	2	101.84302365548135	477.9041345928774									5.066666666666684	4.766666666666685									Île-de-France	Michigan									France	United States								
Massawa, Eritrea	285.38781590891915	0	6.133333333333347	0	1	285.38781590891915										6.133333333333347										California										United States									
Safi, Morocco	285.1978141778413	0	8.200000000000006	0	1	285.1978141778413										8.200000000000006										New South Wales										Australia									
Koforidua, Ghana	284.4859308592489	0	8.366666666666672	0	1	284.4859308592489										8.366666666666672										California										United States									
Wau, South Sudan	283.0021179121279	180.43496615619753	6.858333333333344	1.0158124826954986	4	195.70146495621208	228.54885078901307	119.79206548474447	587.9660904185419							8.500000000000005	6.833333333333345	6.300000000000013	5.800000000000015							California	California	California	California							United States	United States	United States	United States						
Bulawayo, Zimbabwe	278.0235968507862	120.87546115297434	7.129166666666677	1.2207053402757633	8	495.41444279222316	190.6255696701119	197.0115378166702	113.92604259692844	265.89471401273397	259.09070890402575	258.08274924499295	444.1430097686028			7.333333333333343	7.800000000000008	8.33333333333334	7.566666666666675	7.033333333333344	6.566666666666679	8.166666666666673	4.233333333333354			California	California	California	California	California	California	California	Massachusetts			United States	United States	United States	United States	United States	United States	United States	United States		
Antsirabe, Madagascar	277.810879298517	198.87918200785282	7.750000000000008	0.8200609733428333	4	525.9643203085343	109.44853360434216	418.3348385762964	57.49582470489506							6.433333333333346	8.533333333333339	7.700000000000008	8.33333333333334							Wales	California	California	Pennsylvania							United Kingdom	United States	United States	United States						
Kisumu, Kenya	277.7300100822716	0	8.000000000000007	0	1	277.7300100822716										8.000000000000007										California										United States									
Gweru, Zimbabwe	276.4453347079213	0	4.9666666666666845	0	1	276.4453347079213										4.9666666666666845										California										United States									
Nouadhibou, Mauritania	273.97596264833635	0	7.633333333333342	0	1	273.97596264833635										7.633333333333342										New South Wales										Australia									
Kabwe, Zambia	273.7476174371776	221.99160567631597	7.950000000000007	0.11666666666666625	2	495.73922311349355	51.75601176086161									7.833333333333341	8.066666666666674									New South Wales	California									Australia	United States								
Enugu, Nigeria	269.6043842349753	101.46076886212333	6.650000000000011	1.80470065230897	4	400.7267355770791	327.2932997436579	212.823352026229	137.5741495929353							4.666666666666686	5.033333333333351	8.466666666666672	8.433333333333339							California	California	California	New South Wales							United States	United States	United States	Australia						
Mutare, Zimbabwe	268.3335953939474	0	8.23333333333334	0	1	268.3335953939474										8.23333333333334										California										United States									
Lobito, Angola	267.10984820996947	126.24504509361448	6.360000000000014	1.8505734846858142	5	216.33317764555426	425.73453336173804	409.2031073342056	158.31298023322333	125.96544247512622						3.8333333333333552	4.466666666666686	7.266666666666676	8.400000000000006	7.833333333333341						Île-de-France	Michigan	California	California	California						France	United States	United States	United States	United States					
El Arish, Egypt	264.46865143126155	0	8.300000000000006	0	1	264.46865143126155										8.300000000000006										New South Wales										Australia									
Settat, Morocco	264.1420479968253	0	1.7666666666666944	0	1	264.1420479968253										1.7666666666666944										California										United States									
Samālūţ, Egypt	259.0955908886527	65.0238129885478	8.25333333333334	0.39021361671098254	5	336.361048494602	324.6879799042753	206.87498250153703	168.86805047337188	258.68589306947706						7.6000000000000085	8.100000000000007	8.733333333333338	8.533333333333339	8.300000000000006						California	California	California	California	New South Wales						United States	United States	United States	United States	Australia					
Nazrēt, Ethiopia	253.31498966724556	114.1965601451543	7.277777777777788	1.0716319618826171	3	198.95175457495623	148.79709876250755	412.19611566427295								7.933333333333341	8.13333333333334	5.766666666666682								California	California	Pennsylvania								United States	United States	United States							
Mopti, Mali	252.8475510616059	256.04118112464243	7.07500000000001	0.8284439899259572	4	684.0121071895812	124.93849696692195	17.605221801554656	184.83437828836574							6.066666666666681	6.566666666666679	7.4333333333333425	8.23333333333334							California	California	California	California							United States	United States	United States	United States						
Dolisie, Congo (Brazzaville)	251.19422192386173	28.022919680774123	7.800000000000008	0.4333333333333318	2	279.21714160463586	223.1713022430876									8.23333333333334	7.366666666666676									California	New South Wales									United States	Australia								
Taza, Morocco	248.63999177723093	0	4.9666666666666845	0	1	248.63999177723093										4.9666666666666845										Wales										United Kingdom									
Kericho, Kenya	248.57330983301787	0	7.20000000000001	0	1	248.57330983301787										7.20000000000001										New South Wales										Australia									
Biskra, Algeria	248.47761976934606	2.495931170662516	7.5166666666666755	0.7166666666666641	2	250.97355094000858	245.98168859868355									6.800000000000011	8.23333333333334									Florida	New South Wales									United States	Australia								
Tahoua, Niger	246.45994321755057	93.62716599724841	7.866666666666674	0.13333333333333286	2	340.087109214799	152.83277722030218									7.733333333333341	8.000000000000007									New South Wales	California									Australia	United States								
Bouïra, Algeria	245.79136373419917	0	6.533333333333346	0	1	245.79136373419917										6.533333333333346										Île-de-France										France									
Ţanţā, Egypt	243.2488661175857	0	8.700000000000005	0	1	243.2488661175857										8.700000000000005										California										United States									
Kumbo, Cameroon	242.3173460509589	98.74975734348297	8.066666666666674	0.4396968652757624	5	172.15564312937812	352.29014253174756	96.92456686838993	244.96795578402129	345.2484219412577						7.766666666666675	7.466666666666676	8.000000000000007	8.700000000000005	8.400000000000006						California	California	California	California	California						United States	United States	United States	United States	United States					
Skikda, Algeria	241.5808616894933	117.83576002611976	7.566666666666674	0.7930251502246852	3	98.66474505232135	238.8153576076351	387.2624824085234								8.400000000000006	7.800000000000008	6.500000000000012								California	California	Pennsylvania								United States	United States	United States							
Monrovia, Liberia	240.75292162349513	0	5.633333333333349	0	1	240.75292162349513										5.633333333333349										North Carolina										United States									
Sekondi, Ghana	240.60674416998333	89.16555331932422	7.588888888888897	1.1754694360389464	6	268.74413975953155	325.52332492052955	267.7226431203187	148.88332308278592	337.58262857761804	95.18440555911623					5.200000000000017	8.666666666666671	7.500000000000009	8.066666666666674	8.666666666666671	7.4333333333333425					Île-de-France	California	California	California	California	California					France	United States	United States	United States	United States	United States				
Harare, Zimbabwe	238.2580672657475	24.560240393198328	4.433333333333353	1.5999999999999943	2	262.81830765894586	213.6978268725492									6.033333333333347	2.833333333333359									Île-de-France	Michigan									France	United States								
Moroni, Comoros	232.07548812217652	0	7.166666666666677	0	1	232.07548812217652										7.166666666666677										California										United States									
Giyon, Ethiopia	223.7196455238731	16.56488008638958	7.450000000000009	0.7166666666666641	2	207.15476543748355	240.2845256102627									6.733333333333345	8.166666666666673									Michigan	New South Wales									United States	Australia								
Touggourt, Algeria	223.4441771210742	0	7.933333333333341	0	1	223.4441771210742										7.933333333333341										California										United States									
Tema, Ghana	222.2876677363405	0	7.966666666666674	0	1	222.2876677363405										7.966666666666674										New South Wales										Australia									
Cotonou, Benin	218.15002237073668	13.992969019099462	7.616666666666675	0.8833333333333302	2	232.14299138983614	204.15705335163722									6.733333333333345	8.500000000000005									California	California									United States	United States								
Kinshasa, Congo (Kinshasa)	216.59542549925632	192.47164448328712	7.3833333333333435	0.6121455890735631	4	50.558893644699815	136.25865586342795	544.4883382529156	135.07581423598197							8.03333333333334	7.866666666666674	7.1333333333333435	6.500000000000012							New South Wales	California	California	California							Australia	United States	United States	United States						
Āwasa, Ethiopia	215.76685304835925	0	8.433333333333339	0	1	215.76685304835925										8.433333333333339										Västerbotten										Sweden									
Kampala, Uganda	203.49808033488495	61.54928954780411	7.816666666666674	0.7499999999999973	2	141.94879078708084	265.04736988268905									8.566666666666672	7.066666666666677									New South Wales	New York									Australia	United States								
Sokodé, Togo	202.20473252091585	0	8.13333333333334	0	1	202.20473252091585										8.13333333333334										Västerbotten										Sweden									
Casablanca, Morocco	202.0562276063427	93.75777834972273	7.457142857142867	0.6675504346238094	7	185.72223111235266	133.263354644958	323.2394321695792	288.5826403610783	35.28293308977847	171.36672541676126	276.93627644989095				8.000000000000007	7.366666666666676	6.333333333333346	7.233333333333343	7.833333333333341	8.500000000000005	6.933333333333344				New South Wales	Île-de-France	Michigan	California	California	California	Massachusetts				Australia	France	United States	United States	United States	United States	United States			
Oum el Bouaghi, Algeria	196.8175766205853	0	8.266666666666673	0	1	196.8175766205853										8.266666666666673										New South Wales										Australia									
Djelfa, Algeria	196.6498080092169	34.50888938354851	8.066666666666674	0.16666666666666607	2	231.15869739276542	162.1409186256684									8.23333333333334	7.9000000000000075									New South Wales	California									Australia	United States								
Al Marj, Libya	195.42061310844568	0	7.533333333333342	0	1	195.42061310844568										7.533333333333342										New South Wales										Australia									
Gulu, Uganda	195.19684879776077	0	8.400000000000006	0	1	195.19684879776077										8.400000000000006										Västerbotten										Sweden									
Dakar, Senegal	194.69532875652098	59.50917612053296	6.688888888888901	0.7248669524577792	3	228.5144334945069	244.5256758469801	111.04587692807597								7.666666666666675	5.933333333333348	6.466666666666679								California	California	California								United States	United States	United States							
Parakou, Benin	194.10115782277518	17.871710286929854	7.783333333333341	0.34999999999999876	2	176.2294475358453	211.97286810970502									8.13333333333334	7.4333333333333425									California	Wales									United States	United Kingdom								
Mzuzu, Malawi	191.14061553415982	0	7.733333333333341	0	1	191.14061553415982										7.733333333333341										New South Wales										Australia									
Alexandria, Egypt	190.71292487466133	99.00149823776228	7.83333333333334	0.5702501075713908	3	315.553738532564	73.4015040825203	183.18353200889962								7.233333333333343	8.600000000000005	7.666666666666675								California	California	California								United States	United States	United States							
Potchefstroom, South Africa	190.58890820042066	0	7.533333333333342	0	1	190.58890820042066										7.533333333333342										New South Wales										Australia									
Boké, Guinea	185.60067678224289	0	7.800000000000008	0	1	185.60067678224289										7.800000000000008										New South Wales										Australia									
Awka, Nigeria	179.72718895231884	0	8.100000000000007	0	1	179.72718895231884										8.100000000000007										New South Wales										Australia									
Tizi Ouzou, Algeria	178.21285895276344	0	8.766666666666671	0	1	178.21285895276344										8.766666666666671										California										United States									
Koutiala, Mali	176.45803435068024	60.5256634916562	7.51111111111112	0.6919287767528982	3	243.20000750555346	96.67405739120251	189.5000381552848								7.966666666666674	8.03333333333334	6.533333333333346								New South Wales	New South Wales	North Carolina								Australia	Australia	United States							
Maputo, Mozambique	175.47239555238696	134.6842123711411	4.944444444444462	2.062780096955328	3	99.11030556902242	364.7705441527652	62.53633693537321								7.800000000000008	4.0333333333333545	3.000000000000025								New South Wales	California	California								Australia	United States	United States							
Qairouan, Tunisia	174.33674372897306	48.449469610371466	5.977777777777792	0.5839414819320385	3	139.89163699797587	140.26429124587935	242.854302943064								5.633333333333349	6.800000000000011	5.500000000000016								California	Île-de-France	Michigan								United States	France	United States							
Jinja, Uganda	173.9936033424561	46.59063441910786	6.060000000000015	1.9912475151689801	5	136.34670402982692	138.2682628141765	205.72403188049654	250.8770043658342	138.75201362194633						7.766666666666675	7.266666666666676	6.766666666666678	6.300000000000013	2.2000000000000277						New South Wales	California	California	California	Massachusetts						Australia	United States	United States	United States	United States					
Baidoa, Somalia	173.1142606907271	4.891396653911983	8.13333333333334	0.1999999999999993	2	168.2228640368151	178.00565734463908									8.33333333333334	7.933333333333341									California	California									United States	United States								
Obuase, Ghana	170.5967912869018	110.43953299296015	5.783333333333348	2.249999999999992	2	60.15725829394165	281.03632427986196									8.03333333333334	3.5333333333333563									New South Wales	Massachusetts									Australia	United States								
Ile-Ife, Nigeria	170.40670912687213	0	7.866666666666674	0	1	170.40670912687213										7.866666666666674										New York										United States									
Ondo, Nigeria	167.96253163756447	0	8.566666666666672	0	1	167.96253163756447										8.566666666666672										New South Wales										Australia									
Douala, Cameroon	166.7318298838203	0	8.13333333333334	0	1	166.7318298838203										8.13333333333334										California										United States									
El Obeid, Sudan	166.58328335542612	83.23095160780653	7.916666666666674	0.016666666666666607	2	83.3523317476196	249.81423496323265									7.933333333333341	7.9000000000000075									New South Wales	Västerbotten									Australia	Sweden								
Tororo, Uganda	166.05473798317556	0	8.633333333333338	0	1	166.05473798317556										8.633333333333338										California										United States									
Port-Gentil, Gabon	166.03138652667172	29.46778480734082	6.466666666666679	1.5999999999999943	2	136.5636017193309	195.49917133401254									4.866666666666685	8.066666666666674									Lombardy	California									Italy	United States								
Port Said, Egypt	165.7249929051879	0	7.400000000000009	0	1	165.7249929051879										7.400000000000009										California										United States									
Windhoek, Namibia	164.39437304272306	0	8.166666666666673	0	1	164.39437304272306										8.166666666666673										California										United States									
Addis Ababa, Ethiopia	161.09728803663958	0	7.833333333333341	0	1	161.09728803663958										7.833333333333341										Île-de-France										France									
Kumasi, Ghana	159.34563354611709	0	8.03333333333334	0	1	159.34563354611709										8.03333333333334										New South Wales										Australia									
Jamaame, Somalia	158.97566023346644	0	7.966666666666674	0	1	158.97566023346644										7.966666666666674										California										United States									
Umuahia, Nigeria	156.78724718220826	19.25897380827415	8.18333333333334	0.18333333333333268	2	176.0462209904824	137.5282733739341									8.366666666666672	8.000000000000007									California	New South Wales									United States	Australia								
Ho, Ghana	155.37846333384297	0	7.733333333333341	0	1	155.37846333384297										7.733333333333341										New South Wales										Australia									
Kenitra, Morocco	154.7584446201057	13.823916790255339	7.650000000000008	0.14999999999999947	2	140.93452782985037	168.58236141036105									7.800000000000008	7.500000000000009									New South Wales	California									Australia	United States								
Blida, Algeria	154.68367395516518	0	7.566666666666675	0	1	154.68367395516518										7.566666666666675										New South Wales										Australia									
Daloa, Côte D’Ivoire	152.32775818451825	7.706038130341696	7.333333333333343	1.2999999999999954	2	144.62172005417654	160.03379631485993									8.633333333333338	6.033333333333347									California	California									United States	United States								
Limbe, Cameroon	150.68660730655256	0	8.433333333333339	0	1	150.68660730655256										8.433333333333339										Västerbotten										Sweden									
An Nuhūd, Sudan	150.6338517367571	0	8.766666666666671	0	1	150.6338517367571										8.766666666666671										California										United States									
Bandundu, Congo (Kinshasa)	149.9243476821649	28.98649746121356	6.36666666666668	1.1666666666666625	2	178.91084514337845	120.93785022095133									7.533333333333342	5.200000000000017									New South Wales	Florida									Australia	United States								
Ouagadougou, Burkina Faso	142.7585416361779	0	4.700000000000019	0	1	142.7585416361779										4.700000000000019										California										United States									
Accra, Ghana	138.6409376385285	5.2900193713389	8.466666666666672	0.06666666666666643	2	133.3509182671896	143.9309570098674									8.400000000000006	8.533333333333339									California	California									United States	United States								
Bafang, Cameroon	137.48484070632628	0	6.000000000000014	0	1	137.48484070632628										6.000000000000014										California										United States									
Nkongsamba, Cameroon	137.01513332637157	30.921695962018013	6.711111111111123	1.2025692659910125	3	94.52203974310288	149.31854475931317	167.2048154766986								6.866666666666678	5.166666666666684	8.100000000000007								Île-de-France	Michigan	New South Wales								France	United States	Australia							
Ogbomoso, Nigeria	136.25456609205344	0	7.933333333333341	0	1	136.25456609205344										7.933333333333341										California										United States									
Kpalimé, Togo	134.8373475017321	41.57485799908202	7.740000000000007	0.492792496335367	5	206.16666185130487	131.12112011020574	80.42469555495322	112.53999295635724	143.93426703583938						7.20000000000001	7.166666666666677	7.800000000000008	8.400000000000006	8.13333333333334						Lombardy	California	California	California	New South Wales						Italy	United States	United States	United States	Australia					
Lilongwe, Malawi	134.14064655529174	10.021309744047436	8.166666666666673	0.1999999999999993	2	144.16195629933918	124.11933681124431									8.366666666666672	7.966666666666674									California	New South Wales									United States	Australia								
Port Elizabeth, South Africa	132.8372946178675	0	7.966666666666674	0	1	132.8372946178675										7.966666666666674										New South Wales										Australia									
Ksar El Kebir, Morocco	131.3622569128792	82.98608869490786	8.316666666666674	0.04999999999999982	2	214.34834560778705	48.37616821797134									8.266666666666673	8.366666666666672									New South Wales	California									Australia	United States								
Port Sudan, Sudan	129.9118315832519	37.683377358553024	3.2333333333333574	0.16666666666666607	2	92.2284542246989	167.59520894180494									3.4000000000000234	3.0666666666666913									Île-de-France	Michigan									France	United States								
Buea, Cameroon	129.6761806036148	26.180273884149486	6.733333333333345	0.06666666666666643	2	155.8564544877643	103.49590671946532									6.6666666666666785	6.800000000000011									Île-de-France	Michigan									France	United States								
Shibīn al Kawm, Egypt	127.07388911304251	84.98953696208147	8.333333333333341	0.17847087115787727	3	226.38902117697387	136.04405113603752	18.788595026116138								8.533333333333339	8.100000000000007	8.366666666666672								California	New South Wales	Västerbotten								United States	Australia	Sweden							
Freetown, Sierra Leone	123.66602296871166	0	3.666666666666689	0	1	123.66602296871166										3.666666666666689										California										United States									
Diourbel, Senegal	123.5663609028504	14.779536916113884	7.533333333333342	0.8666666666666636	2	138.3458978189643	108.78682398673652									6.6666666666666785	8.400000000000006									Lombardy	California									Italy	United States								
Kafr el Sheikh, Egypt	119.48682828710395	0	8.200000000000006	0	1	119.48682828710395										8.200000000000006										New South Wales										Australia									
Benha, Egypt	112.30120617641705	14.018919944654025	5.94444444444446	1.3923955731395987	3	122.40800540068692	92.47673240895573	122.01888071960849								5.166666666666684	7.9000000000000075	4.766666666666685								California	Île-de-France	Michigan								United States	France	United States							
Kenema, Sierra Leone	110.33957463934739	0	7.533333333333342	0	1	110.33957463934739										7.533333333333342										New South Wales										Australia									
Bissau, Guinea-Bissau	107.64863290072097	0	6.566666666666679	0	1	107.64863290072097										6.566666666666679										Wales										United Kingdom									
Mogadishu, Somalia	106.49894561559536	0	8.166666666666673	0	1	106.49894561559536										8.166666666666673										New South Wales										Australia									
Entebbe, Uganda	106.26946342011786	0	7.866666666666674	0	1	106.26946342011786										7.866666666666674										New South Wales										Australia									
Lomé, Togo	105.54050431921317	0	8.33333333333334	0	1	105.54050431921317										8.33333333333334										New South Wales										Australia									
Zuwārah, Libya	100.80049899007165	0	7.800000000000008	0	1	100.80049899007165										7.800000000000008										Mazovia										Poland									
Kairouan, Tunisia	100.27245743108408	47.64330118433395	8.266666666666673	0.4109609335312636	3	113.11535829835792	36.569935563711155	151.13207843118317								7.800000000000008	8.200000000000006	8.800000000000004								California	California	California								United States	United States	United States							
Cape Town, South Africa	98.66234772994308	0	7.700000000000008	0	1	98.66234772994308										7.700000000000008										California										United States									
Kumba, Cameroon	97.86779889897096	0	8.300000000000006	0	1	97.86779889897096										8.300000000000006										California										United States									
Koidu, Sierra Leone	97.14330630179363	0	7.9000000000000075	0	1	97.14330630179363										7.9000000000000075										New South Wales										Australia									
En Nuhud, Sudan	96.22703719597297	0	7.866666666666674	0	1	96.22703719597297										7.866666666666674										New South Wales										Australia									
Pretoria, South Africa	92.54913292572346	0	5.366666666666683	0	1	92.54913292572346										5.366666666666683										Lombardy										Italy									
Rabat, Morocco	91.3789154452513	0	8.000000000000007	0	1	91.3789154452513										8.000000000000007										New South Wales										Australia									
Bata, Equatorial Guinea	91.1327975308982	0	7.266666666666676	0	1	91.1327975308982										7.266666666666676										California										United States									
Al Manşūrah, Egypt	88.18846341722917	0	7.533333333333342	0	1	88.18846341722917										7.533333333333342										Mazovia										Poland									
Ruhengeri, Rwanda	86.64915530051731	0	7.800000000000008	0	1	86.64915530051731										7.800000000000008										Lombardy										Italy									
Ikare, Nigeria	84.39987117380645	0	8.500000000000005	0	1	84.39987117380645										8.500000000000005										New South Wales										Australia									
Gagnoa, Côte D’Ivoire	82.6440239786458	0	7.666666666666675	0	1	82.6440239786458										7.666666666666675										California										United States									
Algiers, Algeria	80.71129426098463	0	7.933333333333341	0	1	80.71129426098463										7.933333333333341										California										United States									
El Giza, Egypt	79.24528969547869	0	8.100000000000007	0	1	79.24528969547869										8.100000000000007										New South Wales										Australia									
Goulimine, Morocco	73.43630916795573	0	4.866666666666685	0	1	73.43630916795573										4.866666666666685										California										United States									
Banjul, Gambia, The	69.45901589545817	26.28498821716197	8.066666666666674	0.16666666666666607	2	95.74400411262013	43.17402767829619									7.9000000000000075	8.23333333333334									New South Wales	California									Australia	United States								
Sétif, Algeria	69.02742123965493	5.753947803835764	8.03333333333334	0.033333333333333215	2	63.273473435819156	74.78136904349068									8.000000000000007	8.066666666666674									New South Wales	Mazovia									Australia	Poland								
Nyanza, Rwanda	68.20568585829481	32.9938493253389	8.177777777777784	0.2528845928164667	3	68.54057660532482	108.44624744002834	27.63023352953126								8.533333333333339	8.03333333333334	7.966666666666674								California	California	New South Wales								United States	United States	Australia							
Suez, Egypt	65.58938298338173	48.853327732755055	7.611111111111119	0.4840671313509308	3	63.364235936025274	126.50377910728838	6.900133906831518								8.03333333333334	7.866666666666674	6.933333333333344								Unknown	Unknown	Unknown								Unknown	Unknown	Unknown							
Fès, Morocco	63.77038963660263	0	7.766666666666675	0	1	63.77038963660263										7.766666666666675										New South Wales										Australia									
Bo, Sierra Leone	63.40457687471759	0	7.700000000000008	0	1	63.40457687471759										7.700000000000008										New South Wales										Australia									
Mbabane, Swaziland	61.4451889870214	4.572100635310626	8.000000000000007	0.13333333333333286	2	56.87308835171078	66.01728962233203									8.13333333333334	7.866666666666674									New South Wales	Västerbotten									Australia	Sweden								
Shibin el Kom, Egypt	49.78504013713381	0	8.066666666666674	0	1	49.78504013713381										8.066666666666674										New South Wales										Australia									
Manzini, Swaziland	49.346279934113134	0	5.43333333333335	0	1	49.346279934113134										5.43333333333335										Massachusetts										United States									
Meknès, Morocco	42.56827144601634	0	8.500000000000005	0	1	42.56827144601634										8.500000000000005										California										United States									
Djibouti, Djibouti	24.186875760050263	0	8.300000000000006	0	1	24.186875760050263										8.300000000000006										New South Wales										Australia									
São Tomé, Sao Tome And Principe	15.833183578179046	2.8092964749764393	6.483333333333346	0.9166666666666634	2	18.642480053155484	13.023887103202606									5.566666666666682	7.400000000000009									California	Västerbotten									United States	Sweden								
