citystring	mean_dist	std_dist	mean_time	std_time	num_guesses	dists0	dists1	dists2	dists3	dists4	dists5	dists6	dists7	dists8	dists9	dists10	dists11	dists12	dists13	dists14	times0	times1	times2	times3	times4	times5	times6	times7	times8	times9	times10	times11	times12	times13	times14	region0	region1	region2	region3	region4	region5	region6	region7	region8	region9	region10	region11	region12	region13	region14	country0	country1	country2	country3	country4	country5	country6	country7	country8	country9	country10	country11	country12	country13	country14
Johor Bahru, Malaysia	6666.853174055214	0	8.933333333333337	0	1	6666.853174055214															8.933333333333337															New South Wales															Australia														
Suva, Fiji	5895.545469325009	0	2.700000000000026	0	1	5895.545469325009															2.700000000000026															Queensland															Australia														
Ngerulmud, Palau	5588.684780423968	0	5.666666666666682	0	1	5588.684780423968															5.666666666666682															New South Wales															Australia														
Blenheim, New Zealand	5505.823499007092	0	6.966666666666677	0	1	5505.823499007092															6.966666666666677															New South Wales															Australia														
Nouméa, New Caledonia	4766.138202612174	3361.3773904336535	7.083333333333344	0.549999999999998	2	8127.515593045827	1404.7608121785197														6.533333333333346	7.633333333333342														Victoria	California														Australia	United States													
Lautoka, Fiji	4171.528773792877	2763.5477788556386	5.829166666666682	1.061502800017238	8	133.89713221962484	6664.69043525148	2989.8348164423496	1989.8196007902836	1105.6111585235599	6149.695615169962	7923.079060242292	6415.602371703458								6.233333333333347	6.966666666666677	5.600000000000016	5.033333333333351	4.466666666666686	7.533333333333342	6.333333333333346	4.466666666666686								New York	California	California	California	California	California	California	Queensland								United States	United States	United States	United States	United States	United States	United States	Australia							
Tinipuka, Papua, Indonesia	4114.310460983457	0	8.533333333333339	0	1	4114.310460983457															8.533333333333339															New South Wales															Australia														
Jayapura, Indonesia	4036.8622658067293	0	6.933333333333344	0	1	4036.8622658067293															6.933333333333344															Île-de-France															France														
Medan, Sumatera Utara, Indonesia	4000.5377998459903	0	7.500000000000009	0	1	4000.5377998459903															7.500000000000009															California															United States														
Sawahlunto, Indonesia	3645.4010681661016	0	6.800000000000011	0	1	3645.4010681661016															6.800000000000011															Victoria															Australia														
Batu Pahat, Malaysia	3475.8230659163532	3595.1190530297504	6.611111111111124	1.1308251111903893	3	8505.749983521851	318.8331973398073	1602.8860168874023													8.03333333333334	5.2666666666666835	6.533333333333346													California	Ontario	Victoria													United States	Canada	Australia												
Manokwari, Indonesia	3329.7576106424576	0	5.300000000000017	0	1	3329.7576106424576															5.300000000000017															New York															United States														
Koror, Palau	3197.018322123854	0	7.566666666666675	0	1	3197.018322123854															7.566666666666675															New South Wales															Australia														
Ratnapura, Sri Lanka	3105.3794147354397	4257.8882121027245	7.1444444444444555	0.622023777879038	3	114.74613460568125	74.4942831179895	9126.897826482647													7.633333333333342	7.533333333333342	6.26666666666668													Victoria	Île-de-France	New South Wales													Australia	France	Australia												
Lhokseumawe, Aceh, Indonesia	3037.505537960527	0	8.700000000000005	0	1	3037.505537960527															8.700000000000005															Victoria															Australia														
Biak, Indonesia	2906.887110154989	0	7.500000000000009	0	1	2906.887110154989															7.500000000000009															Victoria															Australia														
Banda Aceh, Indonesia	2887.1234994173897	749.8078234130353	7.15000000000001	0.549999999999998	2	2137.3156760043544	3636.931322830425														7.700000000000008	6.600000000000012														Victoria	Victoria														Australia	Australia													
Jember, Jawa Timur, Indonesia	2884.704954656754	0	8.366666666666672	0	1	2884.704954656754															8.366666666666672															Queensland															Australia														
Sale, Victoria, Australia	2859.200598577697	0	6.633333333333345	0	1	2859.200598577697															6.633333333333345															New York															United States														
Nabire, Indonesia	2805.3323645039172	0	6.600000000000012	0	1	2805.3323645039172															6.600000000000012															Victoria															Australia														
Soasio, Indonesia	2786.7137981537494	0	6.766666666666678	0	1	2786.7137981537494															6.766666666666678															California															United States														
Sorong, Papua Barat, Indonesia	2487.0910259892366	779.5557061771319	6.983333333333344	0.6833333333333309	2	1707.5353198121047	3266.6467321663686														7.666666666666675	6.300000000000013														California	California														United States	United States													
Male, Maldives	2455.367608485823	3322.65768500486	6.714285714285727	0.8929809437980123	7	1262.330701494649	1271.5561018351789	1271.5561018351789	311.31990170465855	1257.0207415324453	1259.574888152057	10554.214822846594									7.666666666666675	7.266666666666676	6.933333333333344	6.26666666666668	5.533333333333349	7.833333333333341	5.500000000000016									California	California	California	California	California	New South Wales	New South Wales									United States	United States	United States	United States	United States	Australia	Australia								
Tuban, Indonesia	2407.1323270870876	0	5.100000000000017	0	1	2407.1323270870876															5.100000000000017															Victoria															Australia														
Putrajaya, Malaysia	2367.831978489059	3079.8664270751274	6.066666666666681	2.2157684061358025	3	195.65970574036845	6723.416016080518	184.4202136462908													7.6000000000000085	2.9333333333333584	7.666666666666675													Île-de-France	New South Wales	Florida													France	Australia	United States												
Blitar, Indonesia	2353.5217176433875	0	7.30000000000001	0	1	2353.5217176433875															7.30000000000001															Victoria															Australia														
Maumere, Indonesia	2337.98849948387	0	8.166666666666673	0	1	2337.98849948387															8.166666666666673															California															United States														
Klang, Malaysia	2330.4856623780474	2307.1320215571322	6.288888888888902	1.4540704892316278	6	7255.740453467877	1356.4098365404875	1366.157305931173	2529.120498949995	1323.8942763885316	151.59160299022062										5.23333333333335	7.500000000000009	6.733333333333345	3.7000000000000224	8.066666666666674	6.500000000000012										New South Wales	Victoria	California	California	California	California										Australia	Australia	United States	United States	United States	United States									
Medan, Indonesia	2326.671616963823	243.15275508605578	5.916666666666681	1.149999999999996	2	2569.8243720498785	2083.518861877767														7.066666666666677	4.766666666666685														Victoria	Victoria														Australia	Australia													
Sorong, Indonesia	2233.272618010674	369.62799076316253	7.800000000000008	0.5763872155263507	4	1658.6921251200918	2174.8778110552025	2629.1889932951785	2470.3315425722235												6.833333333333345	8.300000000000006	8.166666666666673	7.9000000000000075												Ontario	Île-de-France	Île-de-France	Victoria												Canada	France	France	Australia											
Majuro, Marshall Islands	2223.68661257294	813.112567018828	6.693939393939406	1.209960194838893	11	2410.506802349943	681.823063186536	704.7911967972806	2691.5865523409775	3237.110709524557	2157.0799286769834	2307.7733331501677	2109.2962293717565	2862.3217591829066	2142.687307575999	3155.5758561452344					7.333333333333343	7.233333333333343	5.566666666666682	6.6666666666666785	5.566666666666682	8.066666666666674	7.666666666666675	7.233333333333343	6.066666666666681	8.200000000000006	4.0333333333333545					Victoria	Massachusetts	Massachusetts	California	California	California	California	California	California	California	New South Wales					Australia	United States	United States	United States	United States	United States	United States	United States	United States	United States	Australia				
Palikir, Micronesia, Federated States Of	2217.7255887173915	476.32034455930574	6.766666666666678	1.2478871031556544	4	2622.3559952828455	2613.0904085823613	2183.4389233178463	1452.0170276865133												8.433333333333339	5.166666666666684	7.400000000000009	6.066666666666681												California	Victoria	New York	Victoria												United States	Australia	United States	Australia											
Padangpanjang, Indonesia	2139.842110130666	1418.29951001811	6.733333333333345	0.13333333333333286	2	3558.141620148776	721.542600112556														6.866666666666678	6.600000000000012														New York	Victoria														United States	Australia													
Kuala Lumpur, Malaysia	2137.1704874073216	1940.3120146975903	7.10000000000001	0.13333333333333286	2	196.85847270973161	4077.482502104912														6.966666666666677	7.233333333333343														Île-de-France	Queensland														France	Australia													
Dili, Timor-Leste	2132.387029123067	694.3764108843429	7.20000000000001	0.9999999999999964	2	2826.76344000741	1438.010618238724														8.200000000000006	6.2000000000000135														Queensland	New South Wales														Australia	Australia													
Gladstone, Queensland, Australia	2074.4285424729037	1747.3594377429974	8.81666666666667	0.4833333333333316	2	3821.787980215901	327.0691047299063														9.300000000000002	8.33333333333334														New South Wales	New South Wales														Australia	Australia													
Manado, Indonesia	2060.9959618382786	727.3621249507682	7.3380952380952476	0.9210808990939564	7	1136.830367399734	1224.1151259612604	1589.4401098327842	2749.21821411583	3212.563952401622	2414.9833417183245	2099.820621438396									8.200000000000006	5.866666666666681	6.333333333333346	8.533333333333339	8.000000000000007	7.466666666666676	6.966666666666677									California	Victoria	California	California	California	California	California									United States	Australia	United States	United States	United States	United States	United States								
Poso, Sulawesi Tengah, Indonesia	2060.398189249045	0	8.33333333333334	0	1	2060.398189249045															8.33333333333334															Victoria															Australia														
Kupang, Indonesia	2048.0290993150034	442.1274959863739	8.166666666666673	0	2	2490.1565953013774	1605.9016033286296														8.166666666666673	8.166666666666673														Victoria	Île-de-France														Australia	France													
Semarang, Jawa Tengah, Indonesia	2002.8826760947795	489.2159017355151	4.716666666666685	1.949999999999993	2	1513.6667743592645	2492.0985778302947														6.6666666666666785	2.7666666666666924														New York	New South Wales														United States	Australia													
Pinrang, Sulawesi Selatan, Indonesia	1991.1351207689422	59.77064185464371	7.116666666666677	1.2833333333333288	2	2050.905762623586	1931.3644789142984														8.400000000000006	5.833333333333348														New South Wales	California														Australia	United States													
Ipoh, Malaysia	1983.323522860041	2469.438574430848	7.306666666666676	0.996527303522919	5	90.42325220846226	6772.790154033168	1549.337094725972	140.44622145640366	1363.6208918762006											8.066666666666674	5.566666666666682	6.833333333333345	7.833333333333341	8.23333333333334											Victoria	Massachusetts	Massachusetts	New South Wales	California											Australia	United States	United States	Australia	United States										
Watampone, Indonesia	1964.2331595953406	0	7.000000000000011	0	1	1964.2331595953406															7.000000000000011															Victoria															Australia														
Jakarta, Indonesia	1963.1787843958002	0	6.300000000000013	0	1	1963.1787843958002															6.300000000000013															Victoria															Australia														
Shah Alam, Malaysia	1927.45242923857	444.4460573700509	5.400000000000016	0.16666666666666607	2	1483.006371868519	2371.8984866086207														5.23333333333335	5.566666666666682														Victoria	New South Wales														Australia	Australia													
Ternate, Maluku Utara, Indonesia	1910.3231102758582	328.1265063947304	7.233333333333343	0.7999999999999972	2	1582.1966038811277	2238.4496166705885														8.03333333333334	6.433333333333346														New South Wales	California														Australia	United States													
Raba, Indonesia	1860.1312959130523	473.3612794338729	7.116666666666677	0.7320063751999224	4	1389.159128977341	2388.0600491921723	1387.7284446584572	2275.577560824239												7.9000000000000075	7.766666666666675	6.600000000000012	6.2000000000000135												Île-de-France	Massachusetts	Massachusetts	New South Wales												France	United States	United States	Australia											
Sungai Petani, Malaysia	1839.0586708184787	0	5.800000000000015	0	1	1839.0586708184787															5.800000000000015															Victoria															Australia														
Tebingtinggi, Sumatera Utara, Indonesia	1816.5563062740878	107.61438336196734	2.388888888888913	1.4873125984244502	3	1799.8462519770978	1955.9146304177673	1693.9080364273989													1.6333333333333606	4.466666666666686	1.0666666666666922													Michigan	Michigan	Florida													United States	United States	United States												
Tanjungpinang, Indonesia	1783.070699905798	0	7.933333333333341	0	1	1783.070699905798															7.933333333333341															Victoria															Australia														
Binjai, Sumatera Utara, Indonesia	1775.2753824503725	0	7.700000000000008	0	1	1775.2753824503725															7.700000000000008															New South Wales															Australia														
Soasio, Maluku Utara, Indonesia	1769.076927254415	0	6.933333333333344	0	1	1769.076927254415															6.933333333333344															California															United States														
Waingapu, Indonesia	1721.0005963517406	359.8039486592769	6.483333333333346	0.6166666666666645	2	2080.8045450110176	1361.1966476924638														5.866666666666681	7.10000000000001														California	Île-de-France														United States	France													
Kuantan, Malaysia	1720.1048562702588	1626.0843973195795	7.333333333333343	0.804155872120985	3	153.90239932682766	3961.452668385337	1044.959501098611													7.033333333333344	6.533333333333346	8.433333333333339													Ontario	California	California													Canada	United States	United States												
Ambon, Maluku, Indonesia	1712.3804732226438	0	4.166666666666687	0	1	1712.3804732226438															4.166666666666687															Florida															United States														
Bandung, Jawa Barat, Indonesia	1707.1463988467176	1374.641998851546	7.816666666666674	0.016666666666666607	2	3081.7883976982635	332.5043999951716														7.800000000000008	7.833333333333341														Queensland	California														Australia	United States													
Bandar Seri Begawan, Brunei	1704.648830687669	2160.00308625473	5.605555555555571	0.6407220078614607	6	83.73523535571998	6466.434386032451	1133.127948395633	725.1685058559967	1176.0357271412395	643.3911813449745										5.066666666666684	5.533333333333349	6.866666666666678	5.766666666666682	4.866666666666685	5.533333333333349										Ontario	Victoria	California	California	California	California										Canada	Australia	United States	United States	United States	United States									
Gorontalo, Indonesia	1703.216451262975	0	7.933333333333341	0	1	1703.216451262975															7.933333333333341															Île-de-France															France														
Watampone, Sulawesi Selatan, Indonesia	1680.0836547725623	51.59034235670083	6.066666666666681	2.2333333333333254	2	1628.4933124158615	1731.6739971292632														8.300000000000006	3.8333333333333552														Michigan	Michigan														United States	United States													
Hervey Bay, Queensland, Australia	1679.4303351396943	0	5.900000000000015	0	1	1679.4303351396943															5.900000000000015															Ontario															Canada														
Jakarta, Jakarta, Indonesia	1670.3113389793596	1227.7960947042773	7.100000000000011	1.9392629374947363	3	728.8379190448697	3404.5533813153497	877.542716577859													6.16666666666668	5.33333333333335	9.8													Victoria	New South Wales	New South Wales													Australia	Australia	Australia												
Yeppoon, Queensland, Australia	1635.700842128427	0	7.233333333333343	0	1	1635.700842128427															7.233333333333343															California															United States														
Townsville, Queensland, Australia	1622.5772618305737	532.2931543611635	7.2888888888888985	0.49391357268650643	3	1929.2480660997796	873.8690633521211	2064.61465603982													7.20000000000001	7.933333333333341	6.733333333333345													California	New South Wales	California													United States	Australia	United States												
Broome, Western Australia, Australia	1620.38104423239	0	8.633333333333338	0	1	1620.38104423239															8.633333333333338															Moscow Oblast															Russia														
Funafuti, Tuvalu	1618.5911689963978	201.32000380862593	7.655555555555563	0.3861810488218379	3	1482.519059345082	1903.2095445029875	1470.044903141124													7.566666666666675	7.233333333333343	8.166666666666673													Victoria	California	California													Australia	United States	United States												
Serang, Banten, Indonesia	1568.0479734362034	912.5206243335374	7.2583333333333435	1.4492095546653418	4	1608.7498174695988	1038.3926895532027	602.3498162641062	3022.6995704579062												4.8000000000000185	8.33333333333334	8.300000000000006	7.6000000000000085												Florida	New South Wales	California	California												United States	Australia	United States	United States											
Singaraja, Bali, Indonesia	1558.8886757846421	573.7426769078739	7.400000000000009	0.6333333333333311	2	985.1459988767682	2132.631352692516														6.766666666666678	8.03333333333334														Victoria	Victoria														Australia	Australia													
Baubau, Sulawesi Tenggara, Indonesia	1555.927319345946	0	7.500000000000009	0	1	1555.927319345946															7.500000000000009															California															United States														
Yogyakarta, Indonesia	1534.448470491056	0	7.6000000000000085	0	1	1534.448470491056															7.6000000000000085															Victoria															Australia														
Pekanbaru, Indonesia	1532.5485893991956	86.18881372717465	7.633333333333342	0.2333333333333325	2	1618.7374031263703	1446.359775672021														7.866666666666674	7.400000000000009														Victoria	Victoria														Australia	Australia													
Tarakan, Indonesia	1498.8744032743502	192.3466796504606	7.500000000000009	0.7666666666666639	2	1691.2210829248108	1306.5277236238896														8.266666666666673	6.733333333333345														Victoria	Victoria														Australia	Australia													
Alor Setar, Malaysia	1495.82396560474	69.4244696199761	6.933333333333344	0.6666666666666643	2	1565.248435224716	1426.399495984764														7.6000000000000085	6.26666666666668														Victoria	Victoria														Australia	Australia													
Port Hedland, Western Australia, Australia	1489.9036642213641	2.6750793963527713	6.966666666666677	0.5666666666666647	2	1492.5787436177168	1487.2285848250112														7.533333333333342	6.400000000000013														Île-de-France	Victoria														France	Australia													
Bukittinggi, Sumatera Barat, Indonesia	1488.3478688222397	101.01491121182039	8.050000000000008	0.31666666666666554	2	1589.36278003406	1387.3329576104193														7.733333333333341	8.366666666666672														Victoria	New South Wales														Australia	Australia													
Mataram, Nusa Tenggara Barat, Indonesia	1465.4518706981887	0	7.4333333333333425	0	1	1465.4518706981887															7.4333333333333425															New South Wales															Australia														
Makassar, Sulawesi Selatan, Indonesia	1454.43903091643	558.0607620435246	7.344444444444453	0.9064923579720474	3	2143.8291473992567	1442.465585544913	777.0223598051203													8.23333333333334	6.100000000000014	7.700000000000008													Queensland	Victoria	Victoria													Australia	Australia	Australia												
Kendari, Indonesia	1441.875162003462	0	7.733333333333341	0	1	1441.875162003462															7.733333333333341															Île-de-France															France														
Luganville, Vanuatu	1440.6626156973073	1606.0966450003807	4.825000000000017	2.3644796232763055	4	4164.254830143239	611.0876898389951	36.277824567985036	951.0301182390104												1.2666666666666928	7.833333333333341	5.600000000000016	4.600000000000019												New South Wales	California	Queensland	Victoria												Australia	United States	Australia	Australia											
Butterworth, Malaysia	1423.024858693907	94.0055138857276	6.788888888888901	0.7304657739508241	3	1386.134038988274	1552.0815497411136	1330.8589873523333													7.800000000000008	6.466666666666679	6.100000000000014													Victoria	Victoria	Queensland													Australia	Australia	Australia												
Cirebon, Indonesia	1420.131883897317	260.61782766915314	7.816666666666674	0.2833333333333323	2	1159.514056228164	1680.7497115664703														8.100000000000007	7.533333333333342														Massachusetts	Massachusetts														United States	United States													
Labasa, Fiji	1398.5184928041217	1278.6005768812618	7.060000000000011	1.4473577458404778	5	165.36402001868632	6.791566920354067	1278.2984584330968	2087.592951316342	3454.5454673321287											6.866666666666678	7.566666666666675	4.766666666666685	6.833333333333345	9.26666666666667											Île-de-France	Queensland	Victoria	New South Wales	New South Wales											France	Australia	Australia	Australia	Australia										
Arawa, Papua New Guinea	1384.5537159216726	186.51947586105888	7.352380952380961	0.8238232864250871	7	1180.8493880586134	1518.210294677584	1229.8267501032926	1140.4123687373447	1661.7743878855931	1428.455399254355	1532.347422734925									5.900000000000015	8.13333333333334	7.733333333333341	7.266666666666676	6.6666666666666785	8.533333333333339	7.233333333333343									Victoria	California	California	California	California	California	Victoria									Australia	United States	United States	United States	United States	United States	Australia								
Kuala Kapuas, Kalimantan Tengah, Indonesia	1373.77558361201	0	8.000000000000007	0	1	1373.77558361201															8.000000000000007															New South Wales															Australia														
Tarawa, Kiribati	1351.9245886596343	1216.8967949033733	5.836363636363651	2.002294368082634	11	4434.944202232345	2518.298501037598	197.64742038837443	1639.2109892199185	1627.9519651936198	269.85680484772274	698.8120951697324	622.507725711447	1855.716901839061	270.24998250942537	735.9738871067343					10	5.000000000000018	6.700000000000012	5.966666666666681	4.566666666666686	4.0333333333333545	3.4333333333333567	2.9666666666666917	7.233333333333343	7.866666666666674	6.433333333333346					Île-de-France	Ontario	Victoria	California	California	California	California	California	New South Wales	New South Wales	New South Wales					France	Canada	Australia	United States	United States	United States	United States	United States	Australia	Australia	Australia				
Toowoomba, Queensland, Australia	1346.4676769612552	288.30842811864034	6.883333333333344	0.31666666666666554	2	1634.7761050798954	1058.1592488426147														7.20000000000001	6.566666666666679														Florida	Moscow Oblast														United States	Russia													
Sandakan, Malaysia	1342.5852087108726	632.6914430616011	6.391666666666679	0.9764945809714768	8	1769.889063470873	936.1517541253224	1901.8611051976247	1951.5573443063981	234.19505542093725	526.0465288185202	1660.4816667405205	1760.4991516067837								6.100000000000014	6.566666666666679	5.566666666666682	4.566666666666686	7.500000000000009	7.066666666666677	6.066666666666681	7.700000000000008								Victoria	California	California	California	California	California	California	New South Wales								Australia	United States	United States	United States	United States	United States	United States	Australia							
Padang, Indonesia	1334.6966709979588	743.9944178320015	7.300000000000009	0.8944271909999127	6	1608.1783867140343	2641.437946195823	921.033155149768	489.23862068586254	625.8160981432007	1722.475819099063										6.500000000000012	6.866666666666678	6.16666666666668	8.666666666666671	8.200000000000006	7.400000000000009										Ontario	California	California	California	California	California										Canada	United States	United States	United States	United States	United States									
Cairns, Queensland, Australia	1324.4360726173209	264.98725056380306	7.116666666666677	0.5166666666666648	2	1589.4233231811238	1059.4488220535177														7.633333333333342	6.600000000000012														New York	Victoria														United States	Australia													
Roebourne, Western Australia, Australia	1319.9023413290415	0	6.766666666666678	0	1	1319.9023413290415															6.766666666666678															Victoria															Australia														
Pekanbaru, Riau, Indonesia	1310.0824724928607	295.59600477683904	8.175000000000006	0.2289771944005673	4	1699.3503796464208	990.259987047021	1059.3959531830842	1491.3235700949172												8.000000000000007	8.366666666666672	7.9000000000000075	8.433333333333339												Victoria	Victoria	Stockholm	California												Australia	Australia	Sweden	United States											
Raub, Malaysia	1304.397933287968	53.65397830858956	7.466666666666676	0.16666666666666607	2	1358.0519115965576	1250.7439549793785														7.30000000000001	7.633333333333342														Victoria	New South Wales														Australia	Australia													
Rockhampton, Queensland, Australia	1243.935350601876	578.8073840841205	7.412500000000009	0.560490236806631	8	175.09474963712614	1612.235299794638	1521.1899238966864	1655.2280865091957	1603.7241230869354	1511.3147158067652	1555.1723655669539	317.52354051670756								7.700000000000008	7.1333333333333435	6.400000000000013	8.200000000000006	7.800000000000008	7.533333333333342	6.766666666666678	7.766666666666675								Victoria	California	California	California	California	California	California	New South Wales								Australia	United States	United States	United States	United States	United States	United States	Australia							
Manokwari, Papua Barat, Indonesia	1241.5125718985507	0	5.7333333333333485	0	1	1241.5125718985507															5.7333333333333485															New York															United States														
Mount Isa, Queensland, Australia	1209.5560103605421	0	7.333333333333343	0	1	1209.5560103605421															7.333333333333343															New South Wales															Australia														
Banjarmasin, Indonesia	1205.6307036572973	297.3270248408951	6.233333333333347	0.033333333333333215	2	1502.9577284981924	908.3036788164022														6.26666666666668	6.2000000000000135														Ontario	Victoria														Canada	Australia													
Ternate, Indonesia	1177.781180080458	0	8.100000000000007	0	1	1177.781180080458															8.100000000000007															Victoria															Australia														
Luwuk, Sulawesi Tengah, Indonesia	1174.8156162338648	234.8763208170039	6.900000000000011	0.13333333333333286	2	939.939295416861	1409.6919370508688														6.766666666666678	7.033333333333344														Victoria	Florida														Australia	United States													
Albury, New South Wales, Australia	1174.1755580056347	1458.394475261882	6.800000000000011	0.9780933834080772	4	110.41292682108813	3687.3181612976427	519.5924551318293	379.37868877197883												6.766666666666678	5.566666666666682	6.566666666666679	8.300000000000006												Victoria	New South Wales	California	California												Australia	Australia	United States	United States											
Sungai Penuh, Indonesia	1170.4841941683003	0	7.566666666666675	0	1	1170.4841941683003															7.566666666666675															Victoria															Australia														
Binjai, Indonesia	1166.5838379357945	789.2226626158108	6.31666666666668	1.1166666666666627	2	377.3611753199837	1955.8065005516053														7.4333333333333425	5.200000000000017														Victoria	Victoria														Australia	Australia													
Sukabumi, Indonesia	1166.347165404656	955.7154239026805	6.461904761904774	2.6311581475234207	7	405.5760388529478	3368.0062868746886	1290.972291077004	456.5075272519467	1149.761689729025	527.765433697735	965.8408903492435									0.30000000000002547	6.233333333333347	7.866666666666674	7.20000000000001	6.766666666666678	8.600000000000005	8.266666666666673									Victoria	Victoria	California	California	California	California	California									Australia	Australia	United States	United States	United States	United States	United States								
Palu, Sulawesi Tengah, Indonesia	1158.14690901325	0	7.533333333333342	0	1	1158.14690901325															7.533333333333342															California															United States														
Bengkulu, Bengkulu, Indonesia	1156.5728411599662	232.16471701985222	4.9666666666666845	1.7211107524567386	3	1168.2880336048443	1434.8767297359543	866.5537601391002													2.6333333333333595	5.533333333333349	6.733333333333345													Michigan	Michigan	California													United States	United States	United States												
Majene, Sulawesi Barat, Indonesia	1141.563016718746	0	7.566666666666675	0	1	1141.563016718746															7.566666666666675															New South Wales															Australia														
Pangkalpinang, Kepulauan Bangka Belitung, Indonesia	1136.434254091509	335.77363124291935	3.6333333333333537	2.7718158241418065	3	803.1729102918661	1010.1168850288996	1596.0129669537614													0.9000000000000253	2.566666666666693	7.4333333333333425													Michigan	Michigan	New South Wales													United States	United States	Australia												
Singkawang, Indonesia	1126.8491798008981	0	6.000000000000014	0	1	1126.8491798008981															6.000000000000014															Ontario															Canada														
Surakarta, Jawa Tengah, Indonesia	1122.753105989497	0	6.26666666666668	0	1	1122.753105989497															6.26666666666668															Queensland															Australia														
Malang, Jawa Timur, Indonesia	1111.7846044806038	0	8.03333333333334	0	1	1111.7846044806038															8.03333333333334															New South Wales															Australia														
Pati, Jawa Tengah, Indonesia	1110.3567729263025	387.23027896469074	7.922222222222229	0.10999438818457367	3	1082.746545278248	1597.8170249231623	650.5067485774968													7.766666666666675	8.000000000000007	8.000000000000007													New South Wales	California	New South Wales													Australia	United States	Australia												
Albany, Western Australia, Australia	1092.8212068894939	1031.4374698808344	7.223809523809534	0.4793230297966314	7	298.2426864063389	317.49625297086016	2615.41804248316	228.77382327762032	1442.6630010231988	175.7370367145399	2571.4176053507394									6.600000000000012	7.333333333333343	7.500000000000009	6.500000000000012	7.1333333333333435	7.9000000000000075	7.6000000000000085									Victoria	Victoria	New South Wales	California	California	California	New South Wales									Australia	Australia	Australia	United States	United States	United States	Australia								
Palangkaraya, Kalimantan Tengah, Indonesia	1092.0513299709628	96.86710797985131	7.6000000000000085	0.3999999999999986	2	995.1842219911116	1188.9184379508142														7.20000000000001	8.000000000000007														Stockholm	New South Wales														Sweden	Australia													
Muar, Malaysia	1089.6415245160285	498.56030997658604	7.411111111111121	0.9476416471209032	3	420.1117335961978	1615.8247271700582	1232.9881127818292													8.400000000000006	6.133333333333347	7.700000000000008													Victoria	Victoria	Victoria													Australia	Australia	Australia												
Langsa, Aceh, Indonesia	1087.29905338563	0	8.000000000000007	0	1	1087.29905338563															8.000000000000007															New South Wales															Australia														
Padangsidempuan, Indonesia	1069.7738591374116	725.1159618019789	7.4142857142857235	0.8007649404137982	7	853.7139508536136	449.474058943592	390.51781325094487	2284.2303318802087	1957.1801262923427	1197.050433724462	356.2502990167167									8.03333333333334	6.300000000000013	6.433333333333346	8.533333333333339	8.100000000000007	7.500000000000009	7.000000000000011									Île-de-France	Victoria	California	California	California	California	California									France	Australia	United States	United States	United States	United States	United States								
Denpasar, Indonesia	1065.6024275166535	375.03418635351034	8.211111111111117	0.2042752923427797	3	791.2587884415508	1595.8742816192398	809.6742124891703													8.466666666666672	7.966666666666674	8.200000000000006													Victoria	Victoria	New South Wales													Australia	Australia	Australia												
Waingapu, Nusa Tenggara Timur, Indonesia	1064.0406883206713	143.73552891806554	7.683333333333342	0.31666666666666554	2	1207.7762172387368	920.3051594026057														7.366666666666676	8.000000000000007														New South Wales	New South Wales														Australia	Australia													
Ende, Nusa Tenggara Timur, Indonesia	1055.0383919956178	0	7.966666666666674	0	1	1055.0383919956178															7.966666666666674															New South Wales															Australia														
Cilacap, Indonesia	1050.973376841256	616.9957573259153	6.960000000000011	0.7264525678482592	5	1435.4588591451109	939.0207878389066	22.77112087490827	981.4053410972654	1876.2107752500885											7.966666666666674	7.466666666666676	7.000000000000011	6.466666666666679	5.900000000000015											California	California	California	California	California											United States	United States	United States	United States	United States										
Tebingtinggi, Indonesia	1045.833537744158	647.963832565363	7.650000000000008	0.04999999999999982	2	397.869705178795	1693.797370309521														7.6000000000000085	7.700000000000008														Ontario	Victoria														Canada	Australia													
Bukittinggi, Indonesia	1044.9473420117238	0	7.833333333333341	0	1	1044.9473420117238															7.833333333333341															Victoria															Australia														
Pontianak, Indonesia	1044.391438531478	380.60762903735997	7.455555555555565	1.007625248778186	9	880.2383315020573	873.5291536266506	1014.5367384410167	820.6080693256898	940.554143329092	1901.5862222791122	1454.7817794403375	999.0187409788699	514.6697678604755							8.466666666666672	8.000000000000007	8.366666666666672	5.533333333333349	8.03333333333334	7.266666666666676	6.766666666666678	6.233333333333347	8.433333333333339							California	Victoria	Victoria	California	California	California	California	California	California							United States	Australia	Australia	United States	United States	United States	United States	United States	United States						
Kangar, Malaysia	1030.0497893827185	603.7744933526527	6.725000000000012	1.4707093904341182	4	1485.1028814678677	513.0425744281234	1761.6999635067277	360.35373812815504												4.466666666666686	6.36666666666668	8.03333333333334	8.03333333333334												Victoria	New York	Victoria	New South Wales												Australia	United States	Australia	Australia											
Kediri, Indonesia	1029.6558376058504	158.93716122478483	8.055555555555562	0.09558139185602885	3	1066.6247755031827	819.1648451993934	1203.1778921149755													8.166666666666673	8.066666666666674	7.933333333333341													California	Ontario	New York													United States	Canada	United States												
Kulat, Indonesia	1020.6303803951996	265.0875911192557	7.850000000000008	0.4499999999999984	2	1285.7179715144553	755.5427892759438														8.300000000000006	7.400000000000009														California	Ontario														United States	Canada													
Indramayu, Indonesia	1019.6965116137497	639.3976216345541	7.016666666666678	1.1504829903614837	8	312.1421020107375	715.6885435964737	1067.453568510677	364.94461480378664	397.01450051471636	1447.0779695841325	2051.4690486263353	1801.781745263139								7.700000000000008	5.066666666666684	8.700000000000005	7.533333333333342	6.966666666666677	6.400000000000013	5.700000000000015	8.066666666666674								Île-de-France	Victoria	California	California	California	California	California	California								France	Australia	United States	United States	United States	United States	United States	United States							
Bontang, Kalimantan Timur, Indonesia	1017.9541885977873	0	5.666666666666682	0	1	1017.9541885977873															5.666666666666682															Victoria															Australia														
Bontang, Indonesia	1016.9942834403445	77.8509968041534	7.866666666666674	0.2333333333333325	2	1094.8452802444979	939.1432866361911														8.100000000000007	7.633333333333342														Victoria	Victoria														Australia	Australia													
Pematangsiantar, Sumatera Utara, Indonesia	1004.4105293680223	0	7.400000000000009	0	1	1004.4105293680223															7.400000000000009															New York															United States														
Bogor, Indonesia	1000.5990745464554	473.5395073012196	7.233333333333344	0.4898979485566339	3	355.751375339737	1479.5096043608598	1166.5362439387693													7.233333333333343	7.833333333333341	6.633333333333345													Ontario	Victoria	Victoria													Canada	Australia	Australia												
Karratha, Western Australia, Australia	992.7097175803524	0	7.000000000000011	0	1	992.7097175803524															7.000000000000011															Victoria															Australia														
Darwin, Northern Territory, Australia	974.8515994826664	753.8281342176115	6.633333333333345	1.566666666666661	2	221.02346526505505	1728.679733700278														5.066666666666684	8.200000000000006														Queensland	New South Wales														Australia	Australia													
Surakarta, Indonesia	973.5330151898949	657.3794070626062	7.700000000000007	0.45297371356976524	3	91.63105485884806	1669.2549248551716	1159.7130658556648													7.933333333333341	8.100000000000007	7.066666666666677													Victoria	Victoria	Victoria													Australia	Australia	Australia												
Kavieng, Papua New Guinea	964.5224088475361	86.30117733988737	8.433333333333339	0.09999999999999964	2	1050.8235861874234	878.2212315076487														8.533333333333339	8.33333333333334														New South Wales	California														Australia	United States													
Sukabumi, Jawa Barat, Indonesia	960.886021350405	0	7.866666666666674	0	1	960.886021350405															7.866666666666674															New York															United States														
Sibu, Malaysia	940.1811439043647	1029.9026697316049	7.496296296296304	0.6948566677752408	9	1038.5266142441094	205.76514095938134	3685.6356350773885	1097.1725092707877	593.9887968969422	743.5876618494798	69.90814358622602	792.0390361314165	235.00675712355223							7.800000000000008	7.966666666666674	8.03333333333334	6.100000000000014	7.933333333333341	7.566666666666675	7.20000000000001	6.566666666666679	8.300000000000006							Île-de-France	Île-de-France	Victoria	California	California	California	California	California	California							France	France	Australia	United States	United States	United States	United States	United States	United States						
Cilacap, Jawa Tengah, Indonesia	939.9850836939161	167.9522887945663	7.750000000000008	0.14999999999999947	2	1107.9373724884824	772.0327948993498														7.9000000000000075	7.6000000000000085														California	New South Wales														United States	Australia													
Langsa, Indonesia	928.690496300828	0	8.03333333333334	0	1	928.690496300828															8.03333333333334															California															United States														
Tanjungpandan, Indonesia	927.1013176546841	0	8.23333333333334	0	1	927.1013176546841															8.23333333333334															California															United States														
Honiara, Solomon Islands	926.0144418472098	696.780292885763	6.7916666666666785	2.0479495165218777	4	481.7439164662129	180.39862470459911	1030.663259858732	2011.2519663592955												9.966666666666667	7.10000000000001	5.566666666666682	4.533333333333353												New South Wales	California	California	California												Australia	United States	United States	United States											
Tarakan, Kalimantan Utara, Indonesia	923.5601502825074	425.8675246558522	5.250000000000017	0.9166666666666634	2	1349.4276749383596	497.6926256266552														4.3333333333333535	6.16666666666668														Michigan	Michigan														United States	United States													
Lahad Datu, Malaysia	920.810158851975	522.0427378592594	7.688888888888897	0.43997755273829464	3	519.5694851729005	1658.1309443279551	584.7300470550696													7.066666666666677	8.000000000000007	8.000000000000007													Victoria	New South Wales	New South Wales													Australia	Australia	Australia												
Sampit, Indonesia	895.1425809192458	689.2955943296652	7.400000000000009	0.7666666666666639	2	1584.438175248911	205.84698658958072														6.633333333333345	8.166666666666673														Victoria	New South Wales														Australia	Australia													
Denpasar, Bali, Indonesia	892.5091210144533	0	8.266666666666673	0	1	892.5091210144533															8.266666666666673															Victoria															Australia														
Innisfail, Queensland, Australia	880.9613215028387	151.71272533381813	6.950000000000011	0.6499999999999977	2	1032.6740468366568	729.2485961690205														7.6000000000000085	6.300000000000013														Île-de-France	Victoria														France	Australia													
Pinrang, Indonesia	879.6441660023588	258.79337663604053	7.966666666666673	0.3474776838024852	3	993.4668506098923	521.4948529220385	1123.9707944751458													7.500000000000009	8.33333333333334	8.066666666666674													Victoria	Île-de-France	Victoria													Australia	France	Australia												
Madiun, Indonesia	873.5598354930855	68.56589336335719	7.816666666666674	0.2166666666666659	2	942.1257288564427	804.9939421297283														7.6000000000000085	8.03333333333334														Victoria	New South Wales														Australia	Australia													
Majene, Indonesia	866.5470245853027	0	6.966666666666677	0	1	866.5470245853027															6.966666666666677															Victoria															Australia														
Canberra, Australian Capital Territory, Australia	856.2579157603329	1029.9371336364538	7.640000000000008	0.422374241638856	5	178.1950189224071	32.14932639754484	2821.4650747455735	937.540368869421	311.9397898667183											6.933333333333344	8.23333333333334	7.800000000000008	7.533333333333342	7.700000000000008											Victoria	New South Wales	California	California	California											Australia	Australia	United States	United States	United States										
Portland, Victoria, Australia	853.4296111810985	1125.1694796367944	6.860000000000011	0.9445516279048867	5	3087.741984816835	441.23175357866427	44.21076526596694	355.89729294921557	338.06625929481055											6.700000000000012	7.533333333333342	7.966666666666674	6.900000000000011	5.200000000000017											California	Île-de-France	Île-de-France	Massachusetts	Massachusetts											United States	France	France	United States	United States										
Taiping, Malaysia	853.3273497123878	753.6142039418419	6.916666666666678	1.149999999999996	2	1606.9415536542297	99.71314577054592														5.766666666666682	8.066666666666674														Victoria	New South Wales														Australia	Australia													
Balikpapan, Indonesia	844.6807465872131	53.74653014874525	7.966666666666674	0.36666666666666536	2	790.9342164384678	898.4272767359583														8.33333333333334	7.6000000000000085														Île-de-France	Victoria														France	Australia													
Palembang, Indonesia	835.183301044442	171.98085090845285	7.816666666666674	0.04999999999999982	2	663.2024501359892	1007.1641519528949														7.866666666666674	7.766666666666675														California	Île-de-France														United States	France													
Banyuwangi, Indonesia	823.9331518291524	0	6.966666666666677	0	1	823.9331518291524															6.966666666666677															Victoria															Australia														
Parepare, Indonesia	823.4212423343545	0	7.400000000000009	0	1	823.4212423343545															7.400000000000009															New York															United States														
Alice Springs, Northern Territory, Australia	816.2246468693537	511.1210342773479	7.441666666666675	0.4855552377319054	4	1330.1563347731435	661.977104230374	1224.7593329144743	48.005815559422906												6.700000000000012	7.333333333333343	7.966666666666674	7.766666666666675												Ontario	Victoria	California	New South Wales												Canada	Australia	United States	Australia											
Warwick, Queensland, Australia	816.0928958902509	359.3029996308657	7.183333333333343	0.5166666666666648	2	1175.3958955211167	456.7898962593853														6.6666666666666785	7.700000000000008														Queensland	New South Wales														Australia	Australia													
Broken Hill, New South Wales, Australia	815.6991347957362	31.080120513807117	6.433333333333346	1.0333333333333297	2	784.619014281929	846.7792553095433														7.466666666666676	5.400000000000016														Massachusetts	Massachusetts														United States	United States													
Pukekohe East, New Zealand	804.6146146142537	157.6227066092872	5.316666666666683	2.116666666666659	2	962.2373212235409	646.9919080049665														3.200000000000024	7.4333333333333425														Ontario	New York														Canada	United States													
Shepparton, Victoria, Australia	800.7938066953584	751.9532510549717	6.008333333333347	1.21068736215791	4	133.93507993035823	2014.4630018091555	839.2703179869625	215.50682705495743												7.466666666666676	4.533333333333353	5.133333333333351	6.900000000000011												Victoria	California	California	California												Australia	United States	United States	United States											
Palembang, Sumatera Selatan, Indonesia	795.0876279963943	447.35470463206326	7.183333333333343	0.2833333333333323	2	347.732923364331	1242.4423326284575														7.466666666666676	6.900000000000011														Michigan	Michigan														United States	United States													
Pematangsiantar, Indonesia	769.8834299851139	0	7.966666666666674	0	1	769.8834299851139															7.966666666666674															Île-de-France															France														
Cirebon, Jawa Barat, Indonesia	768.3952089912937	0	7.733333333333341	0	1	768.3952089912937															7.733333333333341															California															United States														
Sawahlunto, Sumatera Barat, Indonesia	756.1480987569838	531.3358993045503	7.933333333333341	0.5663397749944272	3	1441.029575767843	145.97656510420708	681.4381553989012													7.1333333333333435	8.366666666666672	8.300000000000006													New South Wales	New South Wales	California													Australia	Australia	United States												
Makassar, Indonesia	748.3153560037434	0	7.333333333333343	0	1	748.3153560037434															7.333333333333343															Victoria															Australia														
Jember, Indonesia	746.3637494030761	636.2335505105068	7.400000000000009	0.36666666666666536	2	110.13019889256933	1382.597299913583														7.766666666666675	7.033333333333344														Île-de-France	Victoria														France	Australia													
Kimbe, Papua New Guinea	726.7880425126593	152.93923419708847	7.417777777777789	1.135087966352395	15	823.7741626149373	605.980253189851	747.2192603400306	819.713867027091	576.5421862837794	777.4662711126208	944.5399046182918	873.456233021622	420.93726831348505	953.0557834788591	734.3912991408646	654.0347266763126	854.9763902576378	566.2115030997784	549.5215285147302	7.366666666666676	7.266666666666676	8.166666666666673	8.100000000000007	7.000000000000011	8.800000000000004	8.366666666666672	7.933333333333341	7.466666666666676	6.2000000000000135	5.633333333333349	4.533333333333353	8.466666666666672	8.366666666666672	7.6000000000000085	Victoria	Île-de-France	New York	Victoria	California	California	California	California	California	California	California	California	California	California	New South Wales	Australia	France	United States	Australia	United States	United States	United States	United States	United States	United States	United States	United States	United States	United States	Australia
Ruteng, Indonesia	702.572846372637	0	5.300000000000017	0	1	702.572846372637															5.300000000000017															Victoria															Australia														
Kalgoorlie, Western Australia, Australia	694.1543127059605	305.5300701793631	4.933333333333351	1.3260216187277343	4	1174.674747640255	631.0336945153115	325.1436267859663	645.7651818823093												5.666666666666682	6.566666666666679	4.466666666666686	3.033333333333358												Victoria	California	California	California												Australia	United States	United States	United States											
Whangarei, New Zealand	690.8911290582546	209.8682263152872	6.383333333333346	0.4166666666666652	2	900.7593553735418	481.0229027429674														6.800000000000011	5.966666666666681														Île-de-France	Victoria														France	Australia													
Palangkaraya, Indonesia	680.2177354723333	577.6144644409019	7.450000000000009	0.31666666666666554	2	102.60327103143135	1257.8321999132352														7.1333333333333435	7.766666666666675														Ontario	Victoria														Canada	Australia													
Ballina, New South Wales, Australia	679.9411832826938	5.581671504737244	5.216666666666684	2.5166666666666577	2	674.3595117779565	685.522854787431														7.733333333333341	2.700000000000026														California	Michigan														United States	United States													
Manukau City, New Zealand	678.480128551516	330.712071095893	7.027777777777789	0.8907792399472397	6	74.3107026483526	1091.1082000740048	782.687012713046	487.91700136241553	684.8519576619302	950.0058968493473										5.600000000000016	7.266666666666676	6.866666666666678	6.36666666666668	8.33333333333334	7.733333333333341										California	California	California	California	California	California										United States	United States	United States	United States	United States	United States									
Sumenep, Jawa Timur, Indonesia	672.9127581814844	421.61149837186167	5.07333333333335	1.480900626870909	5	1369.1435922983994	421.8656553288202	132.6545757921496	571.08336045759	869.8166070304625											4.433333333333353	2.9666666666666917	6.16666666666668	7.233333333333343	4.566666666666686											Michigan	Michigan	California	California	California											United States	United States	United States	United States	United States										
Kendari, Sulawesi Tenggara, Indonesia	668.4089055815075	523.1565911999818	7.816666666666674	0.08333333333333304	2	145.2523143815257	1191.5654967814892														7.733333333333341	7.9000000000000075														New South Wales	California														Australia	United States													
Singapore, Singapore	663.9115478789704	4.154144306728142	7.750000000000008	0.18333333333333268	2	659.7574035722422	668.0656921856985														7.566666666666675	7.933333333333341														California	New South Wales														United States	Australia													
Bandar Lampung, Lampung, Indonesia	662.6796639601873	0	7.866666666666674	0	1	662.6796639601873															7.866666666666674															New South Wales															Australia														
Kota Bharu, Malaysia	655.8743637727102	417.067000498513	7.355555555555565	0.5452375176171224	3	332.543181900247	390.3280231352122	1244.7518862826714													7.6000000000000085	6.600000000000012	7.866666666666674													Île-de-France	Ontario	New South Wales													France	Canada	Australia												
Port Moresby, Papua New Guinea	654.900868595025	181.33542767878743	7.733333333333341	0.5999999999999979	2	473.56544091623755	836.2362962738124														8.33333333333334	7.1333333333333435														New South Wales	California														Australia	United States													
Nadi, Fiji	649.7769223837848	476.69429233739936	7.366666666666676	0.8666666666666636	2	1126.4712147211842	173.08263004638545														6.500000000000012	8.23333333333334														Victoria	New York														Australia	United States													
Pontianak, Kalimantan Barat, Indonesia	640.369347811232	142.36249540819247	7.450000000000009	0.7499999999999973	2	498.00685240303955	782.7318432194245														8.200000000000006	6.700000000000012														California	California														United States	United States													
Caboolture, Queensland, Australia	630.0323500683035	240.36015654806405	7.616666666666675	0.4166666666666652	2	870.3925066163675	389.67219352023943														7.20000000000001	8.03333333333334														Victoria	California														Australia	United States													
Singkawang, Kalimantan Barat, Indonesia	629.943889449924	0	7.10000000000001	0	1	629.943889449924															7.10000000000001															New South Wales															Australia														
Ruteng, Nusa Tenggara Timur, Indonesia	620.2496459325012	0	7.666666666666675	0	1	620.2496459325012															7.666666666666675															Victoria															Australia														
Bintulu, Malaysia	617.7177247061468	558.783669123879	7.2166666666666766	1.0499999999999963	2	58.93405558226781	1176.5013938300258														6.16666666666668	8.266666666666673														Victoria	New South Wales														Australia	Australia													
Pekalongan, Indonesia	616.5928361134935	0	6.066666666666681	0	1	616.5928361134935															6.066666666666681															New York															United States														
Alotau, Papua New Guinea	615.1698188485053	0	8.23333333333334	0	1	615.1698188485053															8.23333333333334															Île-de-France															France														
Port Lincoln, South Australia, Australia	601.7920851309141	513.399506691226	7.616666666666675	0.016666666666666607	2	1115.19159182214	88.3925784396881														7.6000000000000085	7.633333333333342														New South Wales	New South Wales														Australia	Australia													
Magelang, Indonesia	601.2514510393786	466.66694933114775	7.322222222222233	0.6679617051195148	3	1204.559656553977	531.2899663477536	67.90473021640523													6.833333333333345	8.266666666666673	6.866666666666678													Ontario	California	Victoria													Canada	United States	Australia												
Bairnsdale, Victoria, Australia	600.023474093044	0	7.700000000000008	0	1	600.023474093044															7.700000000000008															New York															United States														
Tanjungpandan, Kepulauan Bangka Belitung, Indonesia	597.101542816133	0	8.200000000000006	0	1	597.101542816133															8.200000000000006															New South Wales															Australia														
Miri, Malaysia	586.2102454447172	504.0570194632207	7.51111111111112	1.2502839183734225	3	199.17204047429004	261.307425915467	1298.1512699443945													5.766666666666682	8.633333333333338	8.13333333333334													Victoria	California	New South Wales													Australia	United States	Australia												
Gisborne, New Zealand	584.6958058839634	365.60731895864006	6.816666666666678	1.2833333333333288	2	950.3031248426036	219.08848692532337														8.100000000000007	5.533333333333349														California	Victoria														United States	Australia													
Bongaree, Queensland, Australia	582.3254156724263	0	5.366666666666683	0	1	582.3254156724263															5.366666666666683															New South Wales															Australia														
Queanbeyan, New South Wales, Australia	573.7795054466729	67.58435634750367	6.1166666666666805	1.4499999999999948	2	641.3638617941766	506.19514909916927														4.666666666666686	7.566666666666675														Ontario	Île-de-France														Canada	France													
Anuradhapura, Sri Lanka	565.4099690441003	986.5613193714942	6.320000000000013	2.0433741159605963	5	48.43465327114408	51.78677006268989	40.008025534261826	2536.8983634812776	149.922032871128											7.800000000000008	2.700000000000026	5.533333333333349	7.20000000000001	8.366666666666672											New York	Michigan	Michigan	Queensland	California											United States	United States	United States	Australia	United States										
Wewak, Papua New Guinea	563.1478059327931	316.5310861130442	7.007407407407417	0.9426489832509959	9	655.2598497060557	231.10269042593163	926.2685350458364	232.7730092635776	129.3908452351651	370.9513163044356	603.328595853355	938.4984685343779	980.7569430264019							5.633333333333349	7.400000000000009	6.866666666666678	8.366666666666672	8.03333333333334	7.633333333333342	7.266666666666676	6.300000000000013	5.566666666666682							Victoria	Victoria	California	California	California	California	California	California	Queensland							Australia	Australia	United States	United States	United States	United States	United States	United States	Australia						
Dunedin, New Zealand	559.7351792330442	0	5.666666666666682	0	1	559.7351792330442															5.666666666666682															Stockholm															Sweden														
Maryborough, Queensland, Australia	557.5213628514902	93.42098456736991	6.900000000000011	0.8333333333333304	2	464.10037828412027	650.9423474188601														7.733333333333341	6.066666666666681														Victoria	Victoria														Australia	Australia													
General Santos, Philippines	548.2894645124933	482.2841307703658	7.083333333333344	0.7833333333333306	2	1030.573595282859	66.0053337421275														7.866666666666674	6.300000000000013														California	Victoria														United States	Australia													
Coffs Harbour, New South Wales, Australia	545.4705228328041	2.9988370966831326	6.516666666666679	1.1833333333333291	2	548.4693599294873	542.471685736121														7.700000000000008	5.33333333333335														Queensland	Victoria														Australia	Australia													
Macetown, New Zealand	541.976406104967	397.65669619857294	6.500000000000012	1.566666666666661	2	939.63310230354	144.31970990639414														4.933333333333351	8.066666666666674														Victoria	Victoria														Australia	Australia													
Tokoroa, New Zealand	536.6343619993218	250.44351349748757	7.591666666666675	0.5717298313014616	4	786.834270195857	456.2047400453463	162.43285171467988	741.0655860414038												7.30000000000001	6.800000000000011	8.066666666666674	8.200000000000006												Île-de-France	Victoria	New South Wales	California												France	Australia	Australia	United States											
Popondetta, Papua New Guinea	521.7601167105772	32.00423452470497	5.733333333333348	2.7338414161923965	4	558.3768278355599	528.2626433632192	470.3309197337766	530.070075909753												6.766666666666678	8.600000000000005	6.333333333333346	1.2333333333333594												New York	New South Wales	California	New South Wales												United States	Australia	United States	Australia											
Banjarmasin, Kalimantan Selatan, Indonesia	520.2655979277774	407.86449985930466	7.633333333333342	0.2896357866163784	4	162.89855319853973	516.1611225294611	215.02043260792595	1186.9822833751832												7.1333333333333435	7.800000000000008	7.766666666666675	7.833333333333341												New York	California	New South Wales	New South Wales												United States	United States	Australia	Australia											
Pangkalpinang, Indonesia	515.4076860854638	0	6.866666666666678	0	1	515.4076860854638															6.866666666666678															Victoria															Australia														
Pekalongan, Jawa Tengah, Indonesia	513.7329093038171	373.92137216417916	4.9666666666666845	1.8999999999999932	2	887.6542814679963	139.81153713963798														6.866666666666678	3.0666666666666913														Florida	California														United States	United States													
Port Pirie, South Australia, Australia	512.6378050603339	382.8889972702157	5.09444444444446	2.319835296409879	6	717.9694359776992	1250.9642753643968	482.7319914045642	242.64531574932562	266.03475854223916	115.48105332377833										5.500000000000016	6.100000000000014	4.733333333333352	5.966666666666681	7.9000000000000075	0.3666666666666921										Ontario	Victoria	California	California	California	New South Wales										Canada	Australia	United States	United States	United States	Australia									
Kluang, Malaysia	506.0987509804254	485.9984241612154	7.544444444444454	0.7699607172920157	3	235.83102975446673	93.95916844247618	1188.5060547443331													6.500000000000012	7.800000000000008	8.33333333333334													Victoria	New York	California													Australia	United States	United States												
Kuala Lipis, Malaysia	495.0470527903885	469.1801670829751	7.21111111111112	0.1911627837120577	3	1148.2730288923722	67.60295899706793	269.2651704817253													7.4333333333333425	7.233333333333343	6.966666666666677													California	Massachusetts	Massachusetts													United States	United States	United States												
Tweed Heads, New South Wales, Australia	491.5247205424957	414.23074971948137	7.416666666666676	0.2166666666666659	2	905.755470261977	77.2939708230143														7.20000000000001	7.633333333333342														Victoria	New South Wales														Australia	Australia													
Tasikmalaya, Indonesia	475.5201392562774	390.613374487634	8.100000000000007	0	2	84.90676476864338	866.1335137439114														8.100000000000007	8.100000000000007														Victoria	New South Wales														Australia	Australia													
Cambridge, New Zealand	466.0908674499868	0	5.7333333333333485	0	1	466.0908674499868															5.7333333333333485															Queensland															Australia														
Caloundra, Queensland, Australia	461.5629641411023	210.76905722572442	7.950000000000006	0.3337497399083452	4	525.9313516748226	776.8807057052178	239.7430629612103	303.69673622315844												7.866666666666674	8.000000000000007	7.500000000000009	8.433333333333339												Victoria	New South Wales	California	California												Australia	Australia	United States	United States											
Gympie, Queensland, Australia	457.76076872941144	336.83716478687154	5.766666666666683	0.6976149845485425	3	868.925444105255	460.49698677955865	43.859875303420615													6.6666666666666785	5.666666666666682	4.9666666666666845													California	California	California													United States	United States	United States												
Vanimo, Papua New Guinea	452.8000781854902	55.60696088595748	7.500000000000009	0.1999999999999993	2	397.19311729953273	508.4070390714477														7.30000000000001	7.700000000000008														California	Victoria														United States	Australia													
Kairaki, New Zealand	446.26716280230835	0	8.300000000000006	0	1	446.26716280230835															8.300000000000006															New South Wales															Australia														
Padangpanjang, Sumatera Barat, Indonesia	441.12613382898695	61.12514980519961	8.150000000000006	0.016666666666666607	2	502.25128363418656	380.00098402378734														8.13333333333334	8.166666666666673														California	California														United States	United States													
Mount Hagen, Papua New Guinea	437.4045906700238	0	7.366666666666676	0	1	437.4045906700238															7.366666666666676															Victoria															Australia														
Lae, Papua New Guinea	432.08077796600065	110.06246283161181	7.366666666666677	1.0424330514074556	3	568.8498871165197	428.04897526251415	299.34347151896833													5.966666666666681	7.666666666666675	8.466666666666672													Victoria	Île-de-France	California													Australia	France	United States												
Lismore, New South Wales, Australia	423.8767919342468	254.9671929177716	7.220833333333344	0.7921380175757785	8	608.2769399381369	3.652195933322345	550.8238644261656	327.09857398682846	67.52876469817309	442.3614278940769	762.5706017363018	628.7019668609692								7.033333333333344	5.766666666666682	8.23333333333334	7.733333333333341	7.366666666666676	6.933333333333344	6.500000000000012	8.200000000000006								Île-de-France	Île-de-France	Victoria	California	California	California	California	California								France	France	Australia	United States	United States	United States	United States	United States							
Mount Gambier, South Australia, Australia	417.3704709973351	299.38527724789986	5.766666666666682	0.2666666666666657	2	716.7557482452349	117.98519374943524														5.500000000000016	6.033333333333347														Île-de-France	Victoria														France	Australia													
Katherine, Northern Territory, Australia	412.2482043351156	0	7.333333333333343	0	1	412.2482043351156															7.333333333333343															Île-de-France															France														
Waitakere, New Zealand	403.71990557163775	241.80474967609888	7.533333333333343	0.6873459423350378	5	107.01451982639573	780.9000085328055	242.15951807702922	316.47469929102743	572.0507821309309											6.26666666666668	8.33333333333334	7.700000000000008	7.833333333333341	7.533333333333342											Ontario	California	Victoria	Victoria	Victoria											Canada	United States	Australia	Australia	Australia										
Zamboanga City, Philippines	395.29514682864425	0	7.9000000000000075	0	1	395.29514682864425															7.9000000000000075															New South Wales															Australia														
Geraldton, Western Australia, Australia	392.0155606129789	80.11661806303684	7.833333333333341	0.13333333333333286	2	472.13217867601577	311.8989425499421														7.966666666666674	7.700000000000008														New South Wales	New South Wales														Australia	Australia													
Surabaya, Indonesia	388.9735577274959	179.71058184867505	6.933333333333344	0.8999999999999968	2	209.26297587882087	568.684139576171														6.033333333333347	7.833333333333341														New South Wales	Victoria														Australia	Australia													
Christchurch, New Zealand	385.5956572809986	304.7415558125389	7.740000000000007	0.1878533707147376	5	226.29979557485524	776.8058257141897	39.491370976961356	725.1872479668151	160.19404617217123											7.700000000000008	7.933333333333341	7.966666666666674	7.466666666666676	7.633333333333342											Île-de-France	Victoria	Victoria	California	California											France	Australia	Australia	United States	United States										
Bekasi, Indonesia	375.5835257549589	0	7.766666666666675	0	1	375.5835257549589															7.766666666666675															Île-de-France															France														
Bekasi, Jawa Barat, Indonesia	373.3526854931981	0	7.933333333333341	0	1	373.3526854931981															7.933333333333341															New South Wales															Australia														
Horsham, Victoria, Australia	371.3085481080347	0	3.1333333333333577	0	1	371.3085481080347															3.1333333333333577															Ontario															Canada														
Surabaya, Jawa Timur, Indonesia	371.09977471997183	0	7.166666666666677	0	1	371.09977471997183															7.166666666666677															New South Wales															Australia														
Northcote, New Zealand	369.68034629013954	264.2388711349037	7.155555555555566	0.6384781288248262	3	449.0628362575676	13.750130363720807	646.22807224913													6.533333333333346	6.900000000000011	8.03333333333334													Ontario	Ontario	New South Wales													Canada	Canada	Australia												
Tauranga, New Zealand	363.0582443653393	0	7.633333333333342	0	1	363.0582443653393															7.633333333333342															Victoria															Australia														
Armidale, New South Wales, Australia	355.2373718998393	0	7.066666666666677	0	1	355.2373718998393															7.066666666666677															Victoria															Australia														
Sibolga, Indonesia	347.8921980832447	0	7.1333333333333435	0	1	347.8921980832447															7.1333333333333435															New York															United States														
Salatiga, Indonesia	345.0084250598639	0	7.9000000000000075	0	1	345.0084250598639															7.9000000000000075															Île-de-France															France														
Porirua, New Zealand	343.65204451815157	177.7694887363411	6.344444444444458	1.736073332922296	6	403.0646663671419	212.84775056890996	715.8225645103109	248.78731867379756	252.13611134270363	229.25385564604542										4.533333333333353	5.766666666666682	3.8333333333333552	8.266666666666673	7.700000000000008	7.966666666666674										Michigan	Michigan	Victoria	New South Wales	New South Wales	California										United States	United States	Australia	Australia	Australia	United States									
George Town, Malaysia	341.30961422363316	82.36516467337438	7.350000000000009	0.7833333333333306	2	423.6747788970075	258.94444955025875														6.566666666666679	8.13333333333334														Île-de-France	New South Wales														France	Australia													
Hamilton, New Zealand	336.3000269315686	142.61871368302795	7.650000000000008	0.11666666666666625	2	478.9187406145966	193.68131324854068														7.533333333333342	7.766666666666675														California	New South Wales														United States	Australia													
Hawera, New Zealand	332.0519231923664	242.65382392450138	7.733333333333341	0.5712235081789736	6	320.2716605234612	798.999903952017	204.57309190982946	20.63397230090883	219.65305315388716	428.17985731409476										7.933333333333341	6.800000000000011	8.533333333333339	8.166666666666673	7.700000000000008	7.266666666666676										Victoria	California	California	California	California	California										Australia	United States	United States	United States	United States	United States									
Rotorua, New Zealand	315.6341973471882	218.20680539563034	7.416666666666676	0.549999999999998	2	97.42739195155787	533.8410027428185														6.866666666666678	7.966666666666674														Victoria	New South Wales														Australia	Australia													
Moranbah, Queensland, Australia	315.32672259147006	131.5472562780054	6.850000000000011	0.016666666666666607	2	183.77946631346467	446.8739788694754														6.833333333333345	6.866666666666678														Victoria	New South Wales														Australia	Australia													
Kediri, Jawa Timur, Indonesia	312.7853802988858	249.60165218444521	7.700000000000008	0.8999999999999968	2	562.387032483331	63.18372811444061														6.800000000000011	8.600000000000005														Stockholm	California														Sweden	United States													
Kotabumi, Indonesia	309.5131548601141	136.04150373060313	7.833333333333341	0.5333333333333314	2	445.5546585907172	173.47165112951097														7.30000000000001	8.366666666666672														Ontario	Île-de-France														Canada	France													
Lower Hutt, New Zealand	309.26847146824826	160.59732320460034	7.916666666666674	0.41264728010466345	4	220.17890423443805	549.1576273426995	348.5682517303425	119.16910256551301												8.23333333333334	7.633333333333342	8.400000000000006	7.400000000000009												New South Wales	California	California	California												Australia	United States	United States	United States											
Nelson, New Zealand	309.25054157344084	0	6.133333333333347	0	1	309.25054157344084															6.133333333333347															New South Wales															Australia														
Kotabumi, Lampung, Indonesia	307.9171013326393	114.43364699480925	7.850000000000008	0.2166666666666659	2	422.3507483274485	193.48345433783														7.633333333333342	8.066666666666674														New South Wales	California														Australia	United States													
New Plymouth, New Zealand	307.40572619332323	201.25319324887286	6.90000000000001	0.4496912521077331	3	583.557216424903	109.66812122167146	228.99184093339517													7.166666666666677	6.26666666666668	7.266666666666676													Ontario	Victoria	Victoria													Canada	Australia	Australia												
Parkes, New South Wales, Australia	302.6305566026416	29.615628580724575	7.533333333333342	0.6333333333333311	2	332.2461851833662	273.01492802191706														8.166666666666673	6.900000000000011														California	Victoria														United States	Australia													
Davao, Philippines	298.9553587110538	148.08079409147004	6.388888888888903	1.7525290367612563	3	397.2955178245829	409.9064588816597	89.66409942691887													6.800000000000011	8.300000000000006	4.066666666666688													New York	New South Wales	California													United States	Australia	United States												
Melton, Victoria, Australia	291.3435067057504	310.18741305670653	6.380000000000012	1.4328836503901985	5	16.894773014923356	149.67844904639102	895.2174130974972	238.6910787972408	156.23581957269965											6.000000000000014	7.933333333333341	5.666666666666682	8.03333333333334	4.266666666666687											Victoria	New South Wales	California	California	New South Wales											Australia	Australia	United States	United States	Australia										
Timaru, New Zealand	289.5003864632658	100.03228344229356	7.722222222222231	0.2997941680718221	3	164.3916415730008	409.24337718167	294.8661406351266													7.366666666666676	7.700000000000008	8.100000000000007													Victoria	New South Wales	New South Wales													Australia	Australia	Australia												
Mendi, Papua New Guinea	288.3240453561258	0	1.8666666666666947	0	1	288.3240453561258															1.8666666666666947															New South Wales															Australia														
Katoomba, New South Wales, Australia	286.8181145484151	245.9061808067195	6.480000000000013	0.652720801295961	5	108.72653123614869	146.93509059463653	773.4302272289128	197.26849030627196	207.73023337610533											7.000000000000011	5.700000000000015	6.933333333333344	7.10000000000001	5.666666666666682											Victoria	Victoria	New York	Victoria	Victoria											Australia	Australia	United States	Australia	Australia										
Batemans Bay, New South Wales, Australia	280.5895357302278	202.0023582698792	7.1333333333333435	0.5999999999999979	2	482.591894000107	78.58717746034858														7.733333333333341	6.533333333333346														Victoria	Victoria														Australia	Australia													
Masterton, New Zealand	279.5065286493589	86.94422365943899	7.000000000000011	0.7788880963698588	3	259.42174488187254	394.60318335652977	184.49465770967447													6.900000000000011	8.000000000000007	6.100000000000014													Île-de-France	Massachusetts	Massachusetts													France	United States	United States												
Bendigo, Victoria, Australia	278.2265642968181	0	6.2000000000000135	0	1	278.2265642968181															6.2000000000000135															California															United States														
Whanganui, New Zealand	267.4384563343193	110.67253314397347	7.877777777777784	0.4306182750016896	3	207.81256016106403	171.92711001675733	422.57569882513656													7.30000000000001	8.000000000000007	8.33333333333334													Ontario	Victoria	New South Wales													Canada	Australia	Australia												
Cranbourne, Victoria, Australia	266.8588293739171	227.49479033053788	7.1888888888889	0.7067575063906308	3	148.20133163623157	67.20665594484922	585.1685005406706													7.000000000000011	8.13333333333334	6.433333333333346													Victoria	New South Wales	California													Australia	Australia	United States												
Muswellbrook, New South Wales, Australia	265.1343013318671	45.100692303510094	7.233333333333344	0.565685424949236	3	291.20016494616533	302.5150257590604	201.68771329037568													6.833333333333345	6.833333333333345	8.03333333333334													California	California	California													United States	United States	United States												
Cukai, Malaysia	260.5586418081255	0	7.966666666666674	0	1	260.5586418081255															7.966666666666674															Victoria															Australia														
Malang, Indonesia	258.66602283115066	0	8.166666666666673	0	1	258.66602283115066															8.166666666666673															Île-de-France															France														
Napier, New Zealand	254.67145460064611	146.08083164867668	6.944444444444454	1.5800453189312405	3	119.81988035808592	457.6358109779907	186.5586724658617													7.6000000000000085	8.466666666666672	4.766666666666685													Ontario	New South Wales	Queensland													Canada	Australia	Australia												
Greymouth, New Zealand	248.28398479770965	152.7484591151339	7.458333333333343	0.5619287222494386	4	180.71363351128474	509.4469271545062	181.63305836036818	121.34232016467944												7.6000000000000085	7.333333333333343	8.23333333333334	6.6666666666666785												Île-de-France	Victoria	New South Wales	California												France	Australia	Australia	United States											
Taupo, New Zealand	240.7701404455692	219.0270007627739	7.850000000000008	0.38333333333333197	2	21.74313968279532	459.7971412083431														7.466666666666676	8.23333333333334														Île-de-France	New South Wales														France	Australia													
Palmerston North, New Zealand	237.79928708340552	26.54550505611418	7.20000000000001	0.3344425987398302	3	239.14710090636703	204.63486915023952	269.61589119361													6.900000000000011	7.666666666666675	7.033333333333344													Île-de-France	Victoria	Victoria													France	Australia	Australia												
Ashton, New Zealand	231.6141353137213	99.16907371683139	7.950000000000007	0.31666666666666554	2	330.7832090305527	132.44506159688993														7.633333333333342	8.266666666666673														Victoria	New South Wales														Australia	Australia													
Upper Hutt, New Zealand	229.97145691815223	112.39525966863175	7.333333333333343	0.6306962642808145	5	129.7197043297334	439.7928290034079	205.4112008260411	138.1132151286057	236.82033530297292											7.233333333333343	6.333333333333346	7.20000000000001	7.633333333333342	8.266666666666673											Île-de-France	Ontario	Victoria	Victoria	California											France	Canada	Australia	Australia	United States										
Mildura, Victoria, Australia	229.61090799899023	147.65527098689546	6.5111111111111235	0.6951329919829776	3	435.35250217920327	157.65800044647492	95.82222137129249													5.633333333333349	7.333333333333343	6.566666666666679													Queensland	New South Wales	New South Wales													Australia	Australia	Australia												
Wollongong, New South Wales, Australia	222.94502460692112	0	7.166666666666677	0	1	222.94502460692112															7.166666666666677															Île-de-France															France														
Madang, Papua New Guinea	221.31252721695245	101.57664484889013	7.195238095238105	1.3943683295846685	7	183.43387165849532	374.53275117451307	134.75142046683754	279.5039479404466	328.08213851602983	68.46511495191307	180.41844581043168									7.500000000000009	7.700000000000008	6.300000000000013	8.366666666666672	8.533333333333339	4.200000000000021	7.766666666666675									Île-de-France	Victoria	Victoria	New South Wales	Queensland	New York	California									France	Australia	Australia	Australia	Australia	United States	United States								
Murray Bridge, South Australia, Australia	218.82604347974336	209.812205832275	6.988888888888899	0.21140330656044867	3	510.7182750437329	119.04199479567141	26.7178605998258													7.20000000000001	7.066666666666677	6.700000000000012													Victoria	New South Wales	California													Australia	Australia	United States												
Seremban, Malaysia	214.12313556643477	0	7.766666666666675	0	1	214.12313556643477															7.766666666666675															New South Wales															Australia														
Kwinana, Western Australia, Australia	211.8535695188292	160.8399942031707	7.244444444444454	0.6967295736262591	6	182.05348139165758	174.45699362411713	102.25776745011446	565.7408452678131	124.239893378168	122.37243600110493										7.566666666666675	6.033333333333347	7.233333333333343	7.933333333333341	6.700000000000012	8.000000000000007										California	Victoria	Île-de-France	New York	Florida	New South Wales										United States	Australia	France	United States	United States	Australia									
Galle, Sri Lanka	211.62395346705327	5.728583303586788	7.350000000000009	0.5833333333333313	2	217.35253677064006	205.89537016346648														6.766666666666678	7.933333333333341														Victoria	New South Wales														Australia	Australia													
Nowra, New South Wales, Australia	202.4382672694531	18.61207651853455	7.966666666666674	0.4999999999999982	2	221.05034378798763	183.82619075091853														7.466666666666676	8.466666666666672														Victoria	California														Australia	United States													
Levin, New Zealand	200.91988644078694	0	7.466666666666676	0	1	200.91988644078694															7.466666666666676															Île-de-France															France														
Busselton, Western Australia, Australia	200.32546118032874	0	7.500000000000009	0	1	200.32546118032874															7.500000000000009															Île-de-France															France														
Newcastle, New South Wales, Australia	199.1176467297148	0	7.033333333333344	0	1	199.1176467297148															7.033333333333344															Victoria															Australia														
Pagadian, Philippines	198.0620673906414	47.12597184218516	7.48095238095239	0.5386217398924826	7	151.23782871525628	250.1655039212242	213.9750317058215	106.71765286138132	205.10494267413208	229.0252324728332	230.2082793838411									7.566666666666675	7.033333333333344	7.166666666666677	6.6666666666666785	8.366666666666672	8.000000000000007	7.566666666666675									Massachusetts	Massachusetts	California	California	California	California	California									United States	United States	United States	United States	United States	United States	United States								
Padangsidempuan, Sumatera Utara, Indonesia	196.68858899061001	0	7.466666666666676	0	1	196.68858899061001															7.466666666666676															California															United States														
Bundaberg, Queensland, Australia	196.16385547329924	47.99437687823432	7.616666666666675	0.4499999999999984	2	148.16947859506493	244.15823235153357														7.166666666666677	8.066666666666674														Victoria	Victoria														Australia	Australia													
Bengkulu, Indonesia	195.7464039088794	174.3924396447792	7.10000000000001	0.9999999999999964	2	21.35396426410019	370.1388435536586														6.100000000000014	8.100000000000007														California	Île-de-France														United States	France													
Nabire, Papua, Indonesia	195.4972444499966	0	4.366666666666687	0	1	195.4972444499966															4.366666666666687															Florida															United States														
Thiruvananthapuram, Kerala, India	194.4634945711053	0	7.30000000000001	0	1	194.4634945711053															7.30000000000001															Victoria															Australia														
Goroka, Papua New Guinea	187.3833274282647	104.167671082209	7.775000000000008	0.5499368650632119	4	341.82281885624974	74.88255495932906	221.26014558292044	111.56779031455946												8.300000000000006	7.10000000000001	7.366666666666676	8.33333333333334												California	Victoria	New South Wales	California												United States	Australia	Australia	United States											
Wagga Wagga, New South Wales, Australia	173.1278700387044	0	8.200000000000006	0	1	173.1278700387044															8.200000000000006															New South Wales															Australia														
Wangaratta, Victoria, Australia	172.72976929140665	0	7.20000000000001	0	1	172.72976929140665															7.20000000000001															Victoria															Australia														
Cagayan de Oro, Philippines	171.94278278493636	16.817023331972823	6.425000000000013	1.417034266032793	4	200.17926856550147	163.3809250464048	156.31327300042116	167.897664527418												7.033333333333344	7.833333333333341	4.066666666666688	6.766666666666678												California	Île-de-France	New York	Florida												United States	France	United States	United States											
Orange, New South Wales, Australia	165.1175245966614	85.2122000532759	7.733333333333341	0.29999999999999893	2	250.3297246499373	79.90532454338552														7.4333333333333425	8.03333333333334														Victoria	New South Wales														Australia	Australia													
Tuticorin, Tamil Nādu, India	164.87834655872004	0	5.200000000000017	0	1	164.87834655872004															5.200000000000017															Ontario															Canada														
Jambi, Indonesia	163.05894434233997	0	8.600000000000005	0	1	163.05894434233997															8.600000000000005															New York															United States														
Indramayu, Jawa Barat, Indonesia	157.66110439944268	0	8.33333333333334	0	1	157.66110439944268															8.33333333333334															New South Wales															Australia														
Quilon, Kerala, India	156.94192395722104	0	7.233333333333343	0	1	156.94192395722104															7.233333333333343															New South Wales															Australia														
Whyalla, South Australia, Australia	156.6828326324985	43.350337882692756	6.733333333333345	0.29999999999999893	2	200.03317051519127	113.33249474980576														7.033333333333344	6.433333333333346														California	Île-de-France														United States	France													
Maitland, New South Wales, Australia	150.7772038277668	0	7.833333333333341	0	1	150.7772038277668															7.833333333333341															New South Wales															Australia														
Burnie, Tasmania, Australia	149.8440105204134	14.44456588549673	7.316666666666676	0.6166666666666645	2	164.28857640591013	135.39944463491668														7.933333333333341	6.700000000000012														California	Victoria														United States	Australia													
Port Augusta, South Australia, Australia	143.74497347770722	70.13124576370268	5.8166666666666815	0.11666666666666625	2	213.8762192414099	73.61372771400455														5.700000000000015	5.933333333333348														Victoria	Victoria														Australia	Australia													
Ozamiz City, Philippines	142.03950275408576	33.60374905536822	5.557142857142872	2.620051755560188	7	115.0494556618884	172.89274909174978	103.79548842076073	146.30801674823917	175.1225237971122	183.24122799576227	97.86705756308768									0.5333333333333588	6.966666666666677	7.1333333333333435	6.833333333333345	2.53333333333336	7.000000000000011	7.9000000000000075									Victoria	Île-de-France	Victoria	Victoria	Michigan	Michigan	New South Wales									Australia	France	Australia	Australia	United States	United States	Australia								
Colombo, Sri Lanka	139.6998508604892	33.080377143642735	7.52222222222223	0.5123174170399317	3	186.4596325273231	115.0514404958948	117.58847955824967													7.933333333333341	6.800000000000011	7.833333333333341													Île-de-France	Victoria	New South Wales													France	Australia	Australia												
Puttalam, Sri Lanka	138.10778167261049	75.93257137338261	7.5814814814814895	0.5294094336357207	9	48.808893719801986	103.46003106174366	125.24335478671249	184.626339461539	205.97128788793196	251.9751757271543	208.03022528480452	7.886854429720545	106.96787269408553							7.966666666666674	7.500000000000009	7.6000000000000085	7.633333333333342	7.20000000000001	6.633333333333345	8.466666666666672	8.13333333333334	7.10000000000001							Île-de-France	Massachusetts	Massachusetts	California	California	California	California	California	Florida							France	United States	United States	United States	United States	United States	United States	United States	United States						
Batticaloa, Sri Lanka	134.76005106020102	10.473239227887595	7.466666666666676	0.612825877028339	3	121.16595162773343	136.46461068297532	146.64959086989435													6.700000000000012	8.200000000000006	7.500000000000009													Victoria	New South Wales	California													Australia	Australia	United States												
Matara, Sri Lanka	134.73487778225348	61.476504540474316	7.316666666666676	0.04999999999999982	2	73.25837324177915	196.2113823227278														7.366666666666676	7.266666666666676														Île-de-France	Victoria														France	Australia													
Warrnambool, Victoria, Australia	134.7268078904198	0	7.4333333333333425	0	1	134.7268078904198															7.4333333333333425															Victoria															Australia														
Adelaide, South Australia, Australia	133.83130042550712	99.6130441041006	6.477777777777791	1.9463799890382063	3	267.98987078988625	103.9709127534223	29.533117733212787													3.7333333333333556	7.666666666666675	8.03333333333334													Victoria	Victoria	New South Wales													Australia	Australia	Australia												
Butuan, Philippines	132.58207347846957	80.09810359652282	7.066666666666677	0.5354126134736318	3	238.16937986099703	115.31376121168753	44.2630793627241													6.966666666666677	7.766666666666675	6.466666666666679													Île-de-France	Victoria	Victoria													France	Australia	Australia												
Moratuwa, Sri Lanka	127.30588434106946	82.17982402176365	8.400000000000006	0.1999999999999993	2	209.4857083628331	45.12606031930581														8.600000000000005	8.200000000000006														Massachusetts	Massachusetts														United States	United States													
Iligan, Philippines	125.2867474461183	66.5904327652594	7.6000000000000085	0.06666666666666643	2	191.8771802113777	58.696314680858904														7.666666666666675	7.533333333333342														New York	Victoria														United States	Australia													
Kingston, Tasmania, Australia	124.4574936661066	47.434400827182095	7.573333333333342	0.4149431018558768	5	57.75896750206828	76.19432054107838	159.08536281607735	169.4323803631434	159.8164371081655											7.1333333333333435	7.733333333333341	7.033333333333344	8.066666666666674	7.9000000000000075											Victoria	Victoria	New South Wales	California	New South Wales											Australia	Australia	Australia	United States	Australia										
Cotabato, Philippines	124.15013194702999	90.32309857362618	6.816666666666678	1.3504114599303052	4	46.54991431746359	37.206589888319286	258.93272896260106	153.91129461973605												8.200000000000006	5.500000000000016	5.43333333333335	8.13333333333334												California	Victoria	Ontario	Victoria												United States	Australia	Canada	Australia											
Devonport, Tasmania, Australia	119.89339558546544	59.939349883466	7.700000000000007	0.09813067629253128	3	131.19449828707437	41.487759842059276	186.99792862726272													7.800000000000008	7.566666666666675	7.733333333333341													Victoria	Île-de-France	Victoria													Australia	France	Australia												
Sydney, New South Wales, Australia	114.50858101327712	19.20040367726066	7.622222222222231	0.874889763779087	3	141.6305739616712	99.81560576936164	102.0795633087985													6.400000000000013	8.400000000000006	8.066666666666674													Ontario	New South Wales	New South Wales													Canada	Australia	Australia												
Tinnevelly, Tamil Nādu, India	112.3550013216662	52.20888168124503	7.780000000000008	0.10022197585581903	5	114.61055708261681	199.89629725515607	126.80322220945683	72.84202372357959	47.62290633752156											7.766666666666675	7.766666666666675	7.666666666666675	7.733333333333341	7.966666666666674											Île-de-France	New York	Victoria	Victoria	California											France	United States	Australia	Australia	United States										
Traralgon, Victoria, Australia	112.23844640349958	26.464576773785893	6.866666666666678	0.29999999999999893	2	138.70302317728547	85.77386962971369														7.166666666666677	6.566666666666679														Stockholm	California														Sweden	United States													
Gold Coast, Queensland, Australia	101.83374911978743	0	7.633333333333342	0	1	101.83374911978743															7.633333333333342															Île-de-France															France														
Whakatane, New Zealand	98.54012878991523	0	7.233333333333343	0	1	98.54012878991523															7.233333333333343															Victoria															Australia														
Sri Jayewardenepura Kotte, Sri Lanka	96.94277736631346	65.38967795620586	6.56666666666668	1.2832251036613394	3	26.06228025311521	80.94683903504257	183.8192128107826													5.166666666666684	8.266666666666673	6.26666666666668													Ontario	California	Victoria													Canada	United States	Australia												
Trincomalee, Sri Lanka	92.51844630305965	0	5.766666666666682	0	1	92.51844630305965															5.766666666666682															Victoria															Australia														
Echuca, Victoria, Australia	92.28201026374373	0	7.000000000000011	0	1	92.28201026374373															7.000000000000011															Victoria															Australia														
Kiama, New South Wales, Australia	90.46724430859106	0	7.866666666666674	0	1	90.46724430859106															7.866666666666674															New York															United States														
Praya, Indonesia	88.90652559886406	0	8.066666666666674	0	1	88.90652559886406															8.066666666666674															California															United States														
Melbourne, Victoria, Australia	81.84769346032712	67.31052159495212	7.877777777777784	0.4323350324076367	3	34.018443763278945	34.485873173450166	177.03876344425225													7.266666666666676	8.200000000000006	8.166666666666673													Victoria	New South Wales	California													Australia	Australia	United States												
Kandy, Sri Lanka	80.41925277479874	0	8.166666666666673	0	1	80.41925277479874															8.166666666666673															California															United States														
Launceston, Tasmania, Australia	80.25148777460785	37.76539075681995	7.9833333333333405	0.19075871903765929	4	52.59009694594474	145.0931389540953	56.964507275559065	66.35820792283232												8.000000000000007	7.733333333333341	8.266666666666673	7.933333333333341												Île-de-France	New South Wales	New South Wales	New South Wales												France	Australia	Australia	Australia											
Mandurah, Western Australia, Australia	77.82433119642941	38.0577829633814	3.750000000000022	1.2833333333333288	2	39.76654823304802	115.88211415981081														2.4666666666666934	5.033333333333351														New South Wales	Victoria														Australia	Australia													
Ballarat, Victoria, Australia	74.97643394905775	0	7.566666666666675	0	1	74.97643394905775															7.566666666666675															Victoria															Australia														
Sunbury, Victoria, Australia	72.7509103450731	32.56098904147804	6.950000000000011	1.1166666666666627	2	40.18992130359505	105.31189938655113														5.833333333333348	8.066666666666674														Victoria	New South Wales														Australia	Australia													
Bunbury, Western Australia, Australia	66.63429326880535	35.45936540533142	7.30000000000001	0.29999999999999893	2	31.174927863473926	102.09365867413676														7.6000000000000085	7.000000000000011														Victoria	New South Wales														Australia	Australia													
Badulla, Sri Lanka	62.35549489847986	18.382995466310362	7.950000000000007	0.18333333333333268	2	80.73849036479022	43.9724994321695														7.766666666666675	8.13333333333334														New York	New South Wales														United States	Australia													
Richmond, New South Wales, Australia	56.45185713133487	14.197589611661833	5.716666666666682	0.9166666666666634	2	70.6494467429967	42.254267519673036														6.633333333333345	4.8000000000000185														California	New South Wales														United States	Australia													
Hobart, Tasmania, Australia	38.49793193121579	0	6.966666666666677	0	1	38.49793193121579															6.966666666666677															Victoria															Australia														
Blitar, Jawa Timur, Indonesia	36.87980808182638	0	0.8000000000000254	0	1	36.87980808182638															0.8000000000000254															California															United States														
Pasuruan, Indonesia	28.443750119561678	0	7.066666666666677	0	1	28.443750119561678															7.066666666666677															Victoria															Australia														
