citystring	mean_dist	std_dist	mean_time	std_time	num_guesses	dists0	dists1	dists2	dists3	dists4	dists5	dists6	dists7	dists8	dists9	dists10	times0	times1	times2	times3	times4	times5	times6	times7	times8	times9	times10	region0	region1	region2	region3	region4	region5	region6	region7	region8	region9	region10	country0	country1	country2	country3	country4	country5	country6	country7	country8	country9	country10
Pamplona, Colombia	5323.790978208188	0	8.500000000000005	0	1	5323.790978208188											8.500000000000005											Texas											United States										
San Salvador de Jujuy, Argentina	4965.481538553223	0	6.933333333333344	0	1	4965.481538553223											6.933333333333344											California											United States										
Mayagüez, Puerto Rico	4671.777666993181	0	4.900000000000018	0	1	4671.777666993181											4.900000000000018											Cordoba											Argentina										
Jamestown, Saint Helena, Ascension, And Tristan Da Cunha	3496.39497507578	3465.9773199175506	6.133333333333347	0.8333333333333304	2	6962.372294993331	30.41765515822983										5.300000000000017	6.966666666666677										New Jersey	New South Wales										United States	Australia									
Curitiba, Brazil	3396.882703688646	0	10	0	1	3396.882703688646											10											New Jersey											United States										
Cruzeiro do Sul, Acre, Brazil	3269.8263987430964	0	8.03333333333334	0	1	3269.8263987430964											8.03333333333334											California											United States										
Boa Vista, Roraima, Brazil	3100.75433605518	248.22079160025288	7.026666666666676	1.2095729273866278	10	2794.7771297549743	2919.5461773138886	2922.5206549581917	3419.551369320884	3280.3691444484252	3262.4060366893023	3266.1335474509224	2629.59327166489	3264.670513456425	3247.975515493892		5.466666666666683	8.400000000000006	8.000000000000007	7.1333333333333435	6.500000000000012	5.933333333333348	7.533333333333342	7.066666666666677	5.166666666666684	9.06666666666667		Ontario	California	California	California	California	California	California	New York	California	California		Canada	United States	United States	United States	United States	United States	United States	United States	United States	United States	
Vila Velha, Brazil	2796.7727671349003	212.54802292756244	7.366666666666676	0.06666666666666643	2	3009.320790062463	2584.224744207338										7.30000000000001	7.4333333333333425										New Jersey	New Jersey										United States	United States									
Guajará-Mirim, Rondônia, Brazil	2604.1925869937695	850.3947778313878	7.033333333333344	1.0420066111967667	5	3498.2101675348404	2710.0443608090222	1049.2213098432178	2540.1446510200117	3223.3424457617543							8.23333333333334	6.400000000000013	7.4333333333333425	7.766666666666675	5.33333333333335							California	Texas	New South Wales	New South Wales	Ontario							United States	United States	Australia	Australia	Canada						
Punta Arenas, Chile	2458.5094196188224	0	8.000000000000007	0	1	2458.5094196188224											8.000000000000007											California											United States										
Crato, Amazonas, Brazil	2423.559801044702	0	8.500000000000005	0	1	2423.559801044702											8.500000000000005											California											United States										
Rio Branco, Acre, Brazil	2361.68769399019	0	3.7333333333333556	0	1	2361.68769399019											3.7333333333333556											Cordoba											Argentina										
Belém, Brazil	2284.6164868256146	0	6.26666666666668	0	1	2284.6164868256146											6.26666666666668											New Jersey											United States										
Ariquemes, Rondônia, Brazil	2268.0454138995115	37.6705983552697	7.6000000000000085	0.16666666666666607	2	2305.716012254781	2230.3748155442418										7.766666666666675	7.4333333333333425										New South Wales	Stockholm										Australia	Sweden									
Teresina, Brazil	2254.4842197287903	0	5.700000000000015	0	1	2254.4842197287903											5.700000000000015											Saxony											Germany										
George Town, Cayman Islands	2236.181626041998	0	7.233333333333343	0	1	2236.181626041998											7.233333333333343											New Jersey											United States										
Iquique, Chile	2051.3423863905737	0	7.866666666666674	0	1	2051.3423863905737											7.866666666666674											Cordoba											Argentina										
Juliaca, Peru	1988.986798923756	893.8894305188606	6.783333333333345	0.31666666666666554	2	2882.8762294426165	1095.0973684048952										6.466666666666679	7.10000000000001										Texas	Cordoba										United States	Argentina									
Porto Velho, Rondônia, Brazil	1804.2696087155118	656.0870735262607	7.183333333333343	1.0499999999999963	2	2460.3566822417724	1148.182535189251										8.23333333333334	6.133333333333347										California	Ontario										United States	Canada									
Corrientes, Argentina	1726.961894524698	0	7.966666666666674	0	1	1726.961894524698											7.966666666666674											Bogota D.C.											Colombia										
San Pedro Sula, Honduras	1725.4072532956725	1895.5226773587435	5.63333333333335	0.22277708506403723	3	102.95427283046163	4384.671642275637	688.595844780919									5.866666666666681	5.700000000000015	5.33333333333335									New Jersey	England	England									United States	United Kingdom	United Kingdom								
Santo Domingo, Dominican Republic	1725.0259268955997	2836.350379080846	5.405555555555572	2.3906001622610233	6	55.030479721692224	96.00704457809506	7864.761648055763	2051.691679664118	202.4781797537168	80.1865296002137						1.7000000000000275	8.23333333333334	6.500000000000012	2.6000000000000263	6.966666666666677	6.433333333333346						New Jersey	New South Wales	England	England	Stockholm	Wales						United States	Australia	United Kingdom	United Kingdom	Sweden	United Kingdom					
Santa Fe, Argentina	1679.954764863064	1651.4009833894547	3.8166666666666864	2.1934878365035146	4	390.2535959307657	4516.223860006878	955.7277653419839	857.6138381726278								6.400000000000013	3.8666666666666885	0.3666666666666921	4.633333333333352								New South Wales	England	England	Saxony								Australia	United Kingdom	United Kingdom	Germany							
Rio de Janeiro, Brazil	1594.1435230128282	970.0590468820254	4.200000000000021	1.099999999999996	2	2564.2025698948537	624.0844761308028										3.1000000000000245	5.300000000000017										England	England										United Kingdom	United Kingdom									
San Fernando del Valle de Catamarca, Argentina	1593.214337599984	0	7.866666666666674	0	1	1593.214337599984											7.866666666666674											New York											United States										
Philipsburg, Sint Maarten	1539.1293331650068	2285.474481768404	6.258333333333346	2.1385840331085046	8	428.37727876898214	111.79568988487219	3104.8601256008565	529.2877921128799	683.6217973479936	246.1909991737805	7076.490157995615	132.41082443507526				8.13333333333334	7.633333333333342	4.30000000000002	1.6000000000000272	7.933333333333341	7.933333333333341	6.133333333333347	6.400000000000013				New Jersey	New South Wales	England	England	California	California	Cordoba	Wales				United States	Australia	United Kingdom	United Kingdom	United States	United States	Argentina	United Kingdom			
Basseterre, Saint Kitts And Nevis	1392.4846503130339	2591.4372274662137	6.514285714285727	1.5863362143738622	7	202.11857575854785	7734.645570903347	382.5375459944565	347.77500702509167	172.3408044982228	513.7189404347869	394.2561075767852					7.866666666666674	2.9666666666666917	7.30000000000001	7.20000000000001	7.766666666666675	5.800000000000015	6.700000000000012					Unknown	Unknown	Unknown	New South Wales	Stockholm	Ontario	Cordoba					Unknown	Unknown	Unknown	Australia	Sweden	Canada	Argentina				
Saint George’s, Grenada	1261.222665977967	859.8202678358225	6.766666666666677	1.085595927828817	3	829.826250228846	2461.481277703407	492.36047000164825									5.933333333333348	6.066666666666681	8.300000000000006									Ontario	Texas	California									Canada	United States	United States								
Mercedes, Argentina	1246.8476485558385	0	7.166666666666677	0	1	1246.8476485558385											7.166666666666677											Stockholm											Sweden										
Jaén, Peru	1217.915079641568	0	6.466666666666679	0	1	1217.915079641568											6.466666666666679											Ontario											Canada										
Salta, Argentina	1217.6815535672836	445.6081433027245	7.9000000000000075	0.06666666666666643	2	1663.2896968700081	772.0734102645591										7.966666666666674	7.833333333333341										New Jersey	New South Wales										United States	Australia									
Milagro, Ecuador	1156.2213857306458	0	5.966666666666681	0	1	1156.2213857306458											5.966666666666681											Texas											United States										
Chivilcoy, Argentina	1146.1093715664445	0	5.300000000000017	0	1	1146.1093715664445											5.300000000000017											Ontario											Canada										
Feira de Santana, Brazil	1136.7321357659562	0	8.23333333333334	0	1	1136.7321357659562											8.23333333333334											New South Wales											Australia										
Reconquista, Argentina	1122.8122531516133	0	7.9000000000000075	0	1	1122.8122531516133											7.9000000000000075											California											United States										
San Pedro, Argentina	1107.2287915712952	684.2552055381421	7.244444444444454	0.8328146533974864	6	184.69202893965164	1764.2638625406032	1810.8175083618007	815.1174388576029	350.33987271460234	1718.142038013511						6.500000000000012	6.033333333333347	7.966666666666674	7.500000000000009	7.000000000000011	8.466666666666672						California	California	California	California	California	California						United States	United States	United States	United States	United States	United States					
Caguas, Puerto Rico	1084.2259500146447	1030.3328430463007	6.383333333333346	0.14999999999999947	2	2114.5587930609454	53.893106968344										6.533333333333346	6.233333333333347										New South Wales	New South Wales										Australia	Australia									
Bayamón, Puerto Rico	1080.0682756158064	0	6.766666666666678	0	1	1080.0682756158064											6.766666666666678											Bogota D.C.											Colombia										
General Pico, Argentina	1043.987711490973	471.78417541866355	6.150000000000014	0.6833333333333309	2	572.2035360723095	1515.7718869096366										6.833333333333345	5.466666666666683										Ontario	Texas										Canada	United States									
Moquegua, Peru	1039.920854617723	0	7.700000000000008	0	1	1039.920854617723											7.700000000000008											Bogota D.C.											Colombia										
Manaus, Amazonas, Brazil	1015.94576891415	19.389268321156123	3.616666666666685	3.3166666666666593	2	996.5565005929939	1035.3350372353061										6.933333333333344	0.30000000000002547										New South Wales	Cordoba										Australia	Argentina									
Santiago del Estero, Argentina	1005.124148465582	23.63452135772195	7.850000000000008	0.4833333333333316	2	1028.758669823304	981.4896271078601										7.366666666666676	8.33333333333334										California	California										United States	United States									
San Juan, Argentina	987.89124915326	0	7.800000000000008	0	1	987.89124915326											7.800000000000008											New South Wales											Australia										
Cartagena, Colombia	975.7291302412285	674.0197553683967	4.566666666666684	2.0895241350870037	4	1886.6027866145332	237.80449719600068	1351.8728511635302	426.63638599085033								6.2000000000000135	6.300000000000013	4.633333333333352	1.133333333333359								Unknown	Unknown	Unknown	England								Unknown	Unknown	Unknown	United Kingdom							
Arica, Chile	964.9435762416729	0	2.9333333333333584	0	1	964.9435762416729											2.9333333333333584											Texas											United States										
San Carlos de Bariloche, Argentina	963.6960295747078	0	6.866666666666678	0	1	963.6960295747078											6.866666666666678											Ontario											Canada										
La Plata, Argentina	958.9021647196616	0	7.700000000000008	0	1	958.9021647196616											7.700000000000008											New South Wales											Australia										
Paita, Peru	957.4021126451422	167.73463350059936	7.688888888888897	1.0314798191355674	3	1174.5258214189255	766.1037353097449	931.5767812067566									6.233333333333347	8.33333333333334	8.500000000000005									California	New South Wales	California									United States	Australia	United States								
Oranjestad, Aruba	898.5152318600474	897.9973116443322	5.928571428571443	2.208528100768032	7	785.7526773222733	1411.5178549684476	171.97877949969163	108.53860955839824	68.29439257239432	2775.44989088135	968.0744182177765					6.6666666666666785	4.066666666666688	7.066666666666677	8.800000000000004	8.000000000000007	2.0333333333333616	4.866666666666685					Unknown	Unknown	Unknown	New South Wales	New South Wales	Michigan	Michigan					Unknown	Unknown	Unknown	Australia	Australia	United States	United States				
San Cristóbal, Dominican Republic	894.1578950834306	1145.1166392298348	8.300000000000006	1.3468756713498322	6	75.8097498923989	113.5428252084428	39.55658473153444	109.62403166712099	2502.6771273649765	2523.7370516361107						7.033333333333344	6.466666666666679	8.366666666666672	7.933333333333341	10	10						California	California	California	California	California	California						United States	United States	United States	United States	United States	United States					
Soledad, Colombia	861.9019672578509	0	7.6000000000000085	0	1	861.9019672578509											7.6000000000000085											New York											United States										
Puerto Maldonado, Peru	853.2740774273802	0	7.4333333333333425	0	1	853.2740774273802											7.4333333333333425											New South Wales											Australia										
Tumbes, Peru	852.7764398289545	450.5717613563402	7.120833333333343	1.2245109568041124	8	1416.159837199035	443.72498831733617	1287.64085572027	305.99010681341656	1427.2624351578445	871.1766573988895	779.1975881807792	291.05904984406413				5.766666666666682	8.03333333333334	7.6000000000000085	5.666666666666682	8.833333333333337	8.400000000000006	7.10000000000001	5.566666666666682				Ontario	California	California	California	California	California	California	Ontario				Canada	United States	United States	United States	United States	United States	United States	Canada			
Piura, Peru	826.3186140689231	167.69141241005545	7.82222222222223	0.6279498289308774	3	708.2727650460313	707.2137815056576	1063.4692956550805									7.500000000000009	8.700000000000005	7.266666666666676									New South Wales	California	Wales									Australia	United States	United Kingdom								
The Valley, Anguilla	810.5094342456875	818.1884626457244	5.393333333333348	2.6666999997916623	5	440.7126146999838	191.41165220574516	170.62049965152147	2363.5500695515098	886.2523351196777							7.20000000000001	7.466666666666676	7.6000000000000085	3.8666666666666885	0.8333333333333587							New Jersey	New South Wales	New South Wales	England	England							United States	Australia	Australia	United Kingdom	United Kingdom						
Ipatinga, Brazil	807.9437164402277	482.2814085856505	7.466666666666676	1.1333333333333293	2	1290.2251250258782	325.6623078545772										8.600000000000005	6.333333333333346										California	New Jersey										United States	United States									
La Serena, Chile	803.4359693850698	0	3.766666666666689	0	1	803.4359693850698											3.766666666666689											Ontario											Canada										
Chimbote, Peru	803.0513981590781	929.8819067596523	6.800000000000011	1.2391753530294025	3	107.20098963576109	184.6098513904149	2117.343353451058									7.066666666666677	8.166666666666673	5.166666666666684									New Jersey	New Jersey	Stockholm									United States	United States	Sweden								
Campana, Argentina	802.82600677068	0	5.966666666666681	0	1	802.82600677068											5.966666666666681											Wales											United Kingdom										
Goiânia, Brazil	801.4789481910738	154.07698348409508	5.433333333333347	3.1348695997453158	3	983.6672300835179	813.8988049222025	606.8708095675006									7.666666666666675	1.0000000000000253	7.633333333333342									Unknown	Unknown	Unknown									Unknown	Unknown	Unknown								
Mendoza, Argentina	800.4101023681729	28.137904615879393	7.483333333333342	0.11666666666666625	2	772.2721977522936	828.5480069840523										7.6000000000000085	7.366666666666676										New Jersey	New Jersey										United States	United States									
Santa Rosa, Argentina	792.1921430144869	25.356843422584575	5.700000000000015	1.1999999999999957	2	817.5489864370714	766.8352995919023										6.900000000000011	4.5000000000000195										California	Ontario										United States	Canada									
Las Heras, Argentina	781.8041265764972	0	8.533333333333339	0	1	781.8041265764972											8.533333333333339											California											United States										
Encarnación, Paraguay	778.2366335551342	487.91156859414116	5.33333333333335	1.2385774396758822	3	435.9046021661875	430.56439568128127	1468.2409028179338									5.300000000000017	3.8333333333333552	6.866666666666678									Unknown	Unknown	Unknown									Unknown	Unknown	Unknown								
San Cristóbal, Venezuela	776.1656272059826	0	8.200000000000006	0	1	776.1656272059826											8.200000000000006											New South Wales											Australia										
Trelew, Argentina	746.0063307761886	0	7.933333333333341	0	1	746.0063307761886											7.933333333333341											California											United States										
Saint John’s, Antigua And Barbuda	734.9283808372758	256.7345742334038	7.316666666666676	0.8389808632435449	8	615.6536421963314	917.0823573516	1168.6192011244755	722.1187073995666	446.3231603016465	583.8744829446429	1016.6540377853929	409.1014575945512				8.800000000000004	7.30000000000001	6.900000000000011	6.033333333333347	8.166666666666673	7.733333333333341	6.500000000000012	7.10000000000001				California	California	California	California	California	California	California	Wales				United States	United States	United States	United States	United States	United States	United States	United Kingdom			
Coquimbo, Chile	729.3492687854334	0	7.333333333333343	0	1	729.3492687854334											7.333333333333343											New South Wales											Australia										
Tucumán, Argentina	729.118271157651	422.95662952901273	6.800000000000011	0.7449832212875643	4	1181.9670005819169	127.24474137422969	1065.490680401232	541.7706622732248								6.800000000000011	6.700000000000012	5.800000000000015	7.9000000000000075								Unknown	Unknown	Unknown	New South Wales								Unknown	Unknown	Unknown	Australia							
Tarija, Bolivia	725.4379959998411	0	7.1333333333333435	0	1	725.4379959998411											7.1333333333333435											New York											United States										
Concepción, Chile	713.5489816516186	0	7.066666666666677	0	1	713.5489816516186											7.066666666666677											New Jersey											United States										
San Martín, Argentina	713.3161238513803	0	5.800000000000015	0	1	713.3161238513803											5.800000000000015											Cordoba											Argentina										
San Carlos, Venezuela	706.4559832263172	0	7.233333333333343	0	1	706.4559832263172											7.233333333333343											New York											United States										
Iquitos, Peru	685.848490741849	0	7.833333333333341	0	1	685.848490741849											7.833333333333341											New South Wales											Australia										
Coronel, Chile	684.2302599710899	344.11274340191136	7.333333333333343	1.232206692618297	4	536.2103907988987	288.38436160008337	684.910975818835	1227.4153116665425								7.566666666666675	8.066666666666674	5.2666666666666835	8.433333333333339								New York	New South Wales	California	California								United States	Australia	United States	United States							
Los Andes, Chile	678.4971962092391	419.16782100463183	6.650000000000012	1.6833333333333274	2	259.3293752046072	1097.665017213871										8.33333333333334	4.9666666666666845										California	Ontario										United States	Canada									
Paraná, Argentina	676.759512588145	253.53757043747086	6.433333333333347	0.8911083402561489	3	354.46683089583405	701.8267590417843	973.9849478268166									7.366666666666676	5.23333333333335	6.700000000000012									New South Wales	Texas	California									Australia	United States	United States								
Puerto La Cruz, Venezuela	669.423273473294	0	5.833333333333348	0	1	669.423273473294											5.833333333333348											Cordoba											Argentina										
Arjona, Colombia	669.3513372044285	0	8.400000000000006	0	1	669.3513372044285											8.400000000000006											New South Wales											Australia										
San Antonio, Chile	665.7861375581273	460.31961006394624	7.483333333333342	0.7166666666666641	2	1126.1057476220735	205.46652749418104										6.766666666666678	8.200000000000006										Stockholm	New South Wales										Sweden	Australia									
Quetzaltenango, Guatemala	664.5796850444103	320.31090639468266	7.016666666666677	0.34999999999999876	2	344.26877864972766	984.890591439093										6.6666666666666785	7.366666666666676										New South Wales	New South Wales										Australia	Australia									
Santa Cruz, Bolivia	662.0160560884889	1070.415310803936	6.3142857142857265	1.7710957188563952	7	152.02174954107957	100.85596253615637	251.89392217575582	564.4397143569997	103.09090660066865	202.77522353166117	3259.034913877101					7.233333333333343	7.700000000000008	7.4333333333333425	2.53333333333336	4.9666666666666845	7.6000000000000085	6.733333333333345					California	New Jersey	New South Wales	Michigan	Michigan	New South Wales	Cordoba					United States	United States	Australia	United States	United States	Australia	Argentina				
Magangué, Colombia	656.8125737517735	0	5.500000000000016	0	1	656.8125737517735											5.500000000000016											Ontario											Canada										
Trujillo, Peru	649.3207121601764	422.6586613066447	7.588888888888898	0.4629481479111019	3	1229.5516004143965	483.54192072677796	234.8686153393549									8.166666666666673	7.566666666666675	7.033333333333344									Unknown	New South Wales	New South Wales									Unknown	Australia	Australia								
Riberalta, Bolivia	647.3893334836791	120.63916314944873	5.600000000000016	0.8999999999999968	2	526.7501703342303	768.0284966331278										6.500000000000012	4.700000000000019										Bogota D.C.	Cordoba										Colombia	Argentina									
Barcelona, Venezuela	647.3682137982612	537.0244969212051	3.850000000000022	0.34999999999999876	2	1184.3927107194663	110.3437168770561										4.200000000000021	3.500000000000023										England	England										United Kingdom	United Kingdom									
Sullana, Peru	640.0399782034505	12.252913354901693	5.783333333333348	2.7499999999999902	2	627.7870648485488	652.2928915583522										3.033333333333358	8.533333333333339										Ontario	California										Canada	United States									
Brasília, Brazil	634.325460832573	0	8.03333333333334	0	1	634.325460832573											8.03333333333334											New Jersey											United States										
Pucallpa, Peru	627.6378639452903	213.64023941208015	7.277777777777788	0.2726187588085612	3	362.26531667289913	885.4092534414405	635.2390217215313									7.6000000000000085	6.933333333333344	7.30000000000001									New South Wales	Saxony	Cordoba									Australia	Germany	Argentina								
Vilhena, Rondônia, Brazil	612.1091214882206	0	8.166666666666673	0	1	612.1091214882206											8.166666666666673											New South Wales											Australia										
Puno, Peru	604.1640671110105	0	8.600000000000005	0	1	604.1640671110105											8.600000000000005											California											United States										
Chillán, Chile	603.3147485005364	271.1287351421034	7.347619047619057	0.7749771410570723	7	682.6658908278964	235.32368955639745	1093.077672933292	307.3099182861161	568.5289098081901	801.8610064558611	534.4361516360015					7.633333333333342	7.10000000000001	6.16666666666668	8.600000000000005	8.13333333333334	6.700000000000012	7.10000000000001					California	California	California	California	California	California	Wales					United States	United States	United States	United States	United States	United States	United Kingdom				
San Miguel de Tucumán, Argentina	589.2063886987884	0	5.7333333333333485	0	1	589.2063886987884											5.7333333333333485											New South Wales											Australia										
Santa Marta, Colombia	584.5345553383377	0	8.700000000000005	0	1	584.5345553383377											8.700000000000005											California											United States										
Trujillo, Venezuela	575.6275938551051	291.76172145125025	7.390476190476199	1.192265322249811	7	779.3612877775814	247.07000718485486	925.0752145671873	204.52631327756063	485.7338850622132	419.43169878249824	968.1947503338403					7.933333333333341	7.500000000000009	4.733333333333352	8.633333333333338	8.300000000000006	7.000000000000011	7.633333333333342					California	California	California	California	California	California	Wales					United States	United States	United States	United States	United States	United States	United Kingdom				
Callao, Peru	573.1425091032769	0	7.833333333333341	0	1	573.1425091032769											7.833333333333341											New South Wales											Australia										
Maracaibo, Venezuela	569.8586085183284	110.65888303587708	6.688888888888901	1.1820676590691728	3	415.58475597494044	669.7500158473357	624.2410537327089									7.933333333333341	7.033333333333344	5.100000000000017									New South Wales	Texas	Cordoba									Australia	United States	Argentina								
Ayacucho, Peru	554.4846567976732	750.9227017993002	7.966666666666674	0.43652669512362496	4	72.79003085750793	215.3479808196136	78.44269299091985	1851.3579225226513								7.966666666666674	7.266666666666676	8.433333333333339	8.200000000000006								New South Wales	New York	California	California								Australia	United States	United States	United States							
Florianópolis, Brazil	541.3600618098483	0	8.000000000000007	0	1	541.3600618098483											8.000000000000007											New South Wales											Australia										
Valencia, Venezuela	523.9511560618523	351.2850358436863	7.51111111111112	0.7651353466971892	3	179.93915940676246	385.5645413497443	1006.3497674290502									8.13333333333334	7.966666666666674	6.433333333333346									New South Wales	New South Wales	Cordoba									Australia	Australia	Argentina								
Porlamar, Venezuela	513.4141845719	0	7.633333333333342	0	1	513.4141845719											7.633333333333342											California											United States										
Cochabamba, Bolivia	512.9978731023895	541.7782292762413	6.857142857142868	1.9687006661565243	7	262.3818156113938	266.8010451224709	638.5738365694804	1790.8277044461477	139.65551654044398	223.31538581045922	269.42980761633055					7.000000000000011	8.066666666666674	2.8000000000000256	5.200000000000017	8.066666666666674	8.366666666666672	8.500000000000005					New South Wales	New South Wales	Ontario	Texas	California	California	California					Australia	Australia	Canada	United States	United States	United States	United States				
Quillota, Chile	512.7234889383166	0	7.20000000000001	0	1	512.7234889383166											7.20000000000001											Cordoba											Argentina										
Itacoatiara, Amazonas, Brazil	511.1839145347136	0	7.800000000000008	0	1	511.1839145347136											7.800000000000008											California											United States										
El Banco, Colombia	510.7038187750829	0	6.766666666666678	0	1	510.7038187750829											6.766666666666678											Bogota D.C.											Colombia										
Rosario, Argentina	494.4897059490713	0	1.6333333333333606	0	1	494.4897059490713											1.6333333333333606											New Jersey											United States										
Ciudad Guayana, Venezuela	491.0063345964119	246.5582474238503	5.9291666666666805	2.3679830552603143	8	559.7527542770553	236.7549182513447	416.68054489876636	83.88846316587254	569.9480312448317	511.4060758366886	972.2329660544067	577.3869230423289				0.23333333333335882	5.033333333333351	6.16666666666668	6.466666666666679	6.2000000000000135	8.300000000000006	7.000000000000011	8.03333333333334				Unknown	Unknown	Unknown	New Jersey	California	California	New South Wales	New South Wales				Unknown	Unknown	Unknown	United States	United States	United States	Australia	Australia			
Río Cuarto, Argentina	488.01858883295	61.07599377372725	5.200000000000017	1.399999999999995	2	549.0945826066772	426.94259505922275										3.800000000000022	6.600000000000012										Michigan	Michigan										United States	United States									
Tefé, Amazonas, Brazil	475.64433237430563	0	7.6000000000000085	0	1	475.64433237430563											7.6000000000000085											Bogota D.C.											Colombia										
Turbo, Colombia	474.9081055855725	0	3.4000000000000234	0	1	474.9081055855725											3.4000000000000234											Ontario											Canada										
Lima, Peru	463.0095874814019	0	7.266666666666676	0	1	463.0095874814019											7.266666666666676											New Jersey											United States										
São José do Rio Preto, Brazil	453.50800166765765	0	7.166666666666677	0	1	453.50800166765765											7.166666666666677											New South Wales											Australia										
Potosí, Bolivia	452.68475395658135	0	7.833333333333341	0	1	452.68475395658135											7.833333333333341											California											United States										
Ciudad Bolívar, Venezuela	428.69272187633777	0	6.333333333333346	0	1	428.69272187633777											6.333333333333346											New Jersey											United States										
Guayaquil, Ecuador	428.18739949176876	396.1812216526024	7.422222222222231	0.8079848427865679	3	139.49266474744107	988.3843228134364	156.6852109144288									8.266666666666673	7.666666666666675	6.333333333333346									New South Wales	Cordoba	Cordoba									Australia	Argentina	Argentina								
Bridgetown, Barbados	426.622733267802	306.3776160937737	6.174074074074088	2.0390495109470117	9	423.6086265387341	22.061398678241744	388.1441336458292	767.6355255761383	157.35725144704858	165.7314846794722	886.6615017119506	201.30321658903722	827.1014605437659			6.700000000000012	7.333333333333343	6.800000000000011	8.100000000000007	2.233333333333361	7.1333333333333435	8.13333333333334	2.8000000000000256	6.333333333333346			New Jersey	New South Wales	Saxony	Texas	Michigan	Michigan	California	Ontario	Cordoba			United States	Australia	Germany	United States	United States	United States	United States	Canada	Argentina		
Bucaramanga, Colombia	423.81857802069226	108.51164127891964	7.22000000000001	1.0324942830081127	5	483.8096899571294	358.5661380277065	560.7440929057844	249.35697352481353	466.6159956880272							8.100000000000007	6.26666666666668	6.100000000000014	6.900000000000011	8.733333333333338							New South Wales	Bogota D.C.	Cordoba	California	California							Australia	Colombia	Argentina	United States	United States						
Tuluá, Colombia	421.59855422538584	35.63624413737301	5.066666666666684	1.1999999999999957	2	457.23479836275885	385.9623100880128										3.8666666666666885	6.26666666666668										Michigan	Michigan										United States	United States									
Medellín, Colombia	412.2795590055996	235.26062976494322	6.925000000000011	1.744893342808596	4	348.61715124097384	168.3254381098734	331.0242403920622	801.151406279489								7.333333333333343	8.266666666666673	8.13333333333334	3.966666666666688								New Jersey	New South Wales	New South Wales	Saxony								United States	Australia	Australia	Germany							
Roseau, Dominica	409.4658808583135	396.24761729579325	5.638888888888904	2.0425489401332535	6	177.68405575475902	159.9184997387011	90.6533967909612	654.4947908726056	1192.1562479028412	181.88829409001238						6.36666666666668	7.666666666666675	7.933333333333341	5.200000000000017	1.8666666666666947	4.8000000000000185						New Jersey	New South Wales	New South Wales	England	England	Wales						United States	Australia	Australia	United Kingdom	United Kingdom	United Kingdom					
Sucre, Bolivia	408.6211188356326	221.64118969221465	7.20000000000001	0.8333333333333304	2	186.97992914341796	630.2623085278473										8.03333333333334	6.36666666666668										New South Wales	Ontario										Australia	Canada									
Saint John's, Antigua And Barbuda	407.14067763494364	167.31854456074296	6.858333333333345	0.9123763234299483	4	120.22600467225698	522.9379446708747	464.30605835633935	521.0927028403037								7.30000000000001	5.33333333333335	7.733333333333341	7.066666666666677								Unknown	Unknown	Unknown	New South Wales								Unknown	Unknown	Unknown	Australia							
Barinas, Venezuela	396.42228947219286	0	7.933333333333341	0	1	396.42228947219286											7.933333333333341											New South Wales											Australia										
Carora, Venezuela	394.08950087829146	3.4857320061010455	8.33333333333334	0.16666666666666607	2	397.5752328843925	390.6037688721904										8.500000000000005	8.166666666666673										New South Wales	New South Wales										Australia	Australia									
Carúpano, Venezuela	388.4451817457908	0	8.366666666666672	0	1	388.4451817457908											8.366666666666672											California											United States										
Marigot, Saint Martin	379.81382293165666	185.19243579165308	7.188888888888898	0.7906084545431179	6	385.81252857405036	505.8763051742156	393.96766080057347	182.68035887405256	678.6696571784424	131.87642698860574						7.666666666666675	5.7333333333333485	7.166666666666677	7.766666666666675	6.700000000000012	8.100000000000007						Unknown	Unknown	Unknown	California	New Jersey	New South Wales						Unknown	Unknown	Unknown	United States	United States	Australia					
Puerto la Cruz, Venezuela	379.39718620127746	0	6.733333333333345	0	1	379.39718620127746											6.733333333333345											New Jersey											United States										
Pasto, Colombia	378.52007489505877	95.13447895984082	7.222222222222232	0.9700451815874253	3	473.03772195039545	414.18087767372816	248.3416250610527									7.566666666666675	8.200000000000006	5.900000000000015									New Jersey	New South Wales	Ontario									United States	Australia	Canada								
Niterói, Brazil	377.59179734249057	0	8.200000000000006	0	1	377.59179734249057											8.200000000000006											New South Wales											Australia										
Willemstad, Curaçao	371.82221170702707	403.4584901087689	7.166666666666677	1.3696714934611096	5	25.13309846041277	811.5756480147801	14.948858201608504	914.9208097549404	92.53264410339342							7.533333333333342	7.166666666666677	8.833333333333337	4.666666666666686	7.633333333333342							California	New Jersey	New South Wales	Saxony	California							United States	United States	Australia	Germany	United States						
San Felipe, Chile	361.5540997665264	0	8.500000000000005	0	1	361.5540997665264											8.500000000000005											California											United States										
Loja, Ecuador	357.9505459238009	114.87467958916567	7.6000000000000085	0.5999999999999979	2	472.8252255129666	243.07586633463526										7.000000000000011	8.200000000000006										Ontario	California										Canada	United States									
Lorica, Colombia	356.9432687946614	119.30208881066697	6.5833333333333455	2.0166666666666595	2	476.24535760532837	237.64117998399442										4.566666666666686	8.600000000000005										Ontario	California										Canada	United States									
Calabozo, Venezuela	354.80838292109127	0	7.20000000000001	0	1	354.80838292109127											7.20000000000001											Ontario											Canada										
Pereira, Colombia	353.30956347611686	0	8.666666666666671	0	1	353.30956347611686											8.666666666666671											California											United States										
Valera, Venezuela	351.9645239573087	66.81811223748326	7.583333333333342	1.1166666666666627	2	285.14641171982544	418.78263619479196										8.700000000000005	6.466666666666679										California	Ontario										United States	Canada									
Cali, Colombia	350.16867993922364	0	7.9000000000000075	0	1	350.16867993922364											7.9000000000000075											Cordoba											Argentina										
San Fernando, Venezuela	349.29329387868404	60.718921576947054	8.416666666666671	0.14999999999999947	2	288.57437230173696	410.01221545563106										8.266666666666673	8.566666666666672										California	California										United States	United States									
Ipiales, Colombia	340.8418493224391	0	8.266666666666673	0	1	340.8418493224391											8.266666666666673											New South Wales											Australia										
Cúcuta, Colombia	337.90867940821096	141.40402471645876	6.5888888888889	1.8237798221019306	3	418.068357774554	139.16735535182693	456.49032509825196									7.1333333333333435	8.500000000000005	4.133333333333354									New Jersey	California	Stockholm									United States	United States	Sweden								
San Bernardo, Chile	329.5103248041612	100.46371825214784	7.650000000000008	0.18333333333333268	2	429.97404305630903	229.04660655201334										7.466666666666676	7.833333333333341										New South Wales	New South Wales										Australia	Australia									
Azul, Argentina	327.90240960000705	0	4.600000000000019	0	1	327.90240960000705											4.600000000000019											Ontario											Canada										
La Paz, Bolivia	327.6261789467649	165.41994518187207	6.323809523809537	1.501397685937291	7	628.4749853187736	364.5838595951515	186.66836353255945	287.14946369437683	210.27710901574002	129.74606395776698	486.48340751298605					7.933333333333341	3.933333333333355	7.833333333333341	7.000000000000011	6.26666666666668	7.033333333333344	4.266666666666687					New Jersey	Saxony	California	New South Wales	New South Wales	New South Wales	Wales					United States	Germany	United States	Australia	Australia	Australia	United Kingdom				
Ibagué, Colombia	316.334414006832	146.3249644481665	7.8238095238095315	0.6114552731152177	7	243.12915377065028	381.6248531292801	611.4483120407634	394.0135353048975	205.4801217019973	153.43297951536346	225.21194258487188					7.333333333333343	8.466666666666672	8.13333333333334	7.333333333333343	6.966666666666677	8.766666666666671	7.766666666666675					New Jersey	California	California	California	California	California	California					United States	United States	United States	United States	United States	United States	United States				
Port-of-Spain, Trinidad And Tobago	315.91144848612214	291.9868433931854	6.766666666666678	1.4666666666666615	2	607.8982918793075	23.924605092936766										5.300000000000017	8.23333333333334										New Jersey	New South Wales										United States	Australia									
Chiclayo, Peru	302.460796198285	0	6.766666666666678	0	1	302.460796198285											6.766666666666678											New Jersey											United States										
Trinidad, Bolivia	300.10758155551434	0	7.000000000000011	0	1	300.10758155551434											7.000000000000011											New South Wales											Australia										
Valdivia, Chile	298.12038366117747	84.67438743247884	3.750000000000019	2.7166666666666606	2	213.44599622869865	382.7947710936563										1.0333333333333588	6.466666666666679										Michigan	Michigan										United States	United States									
Los Teques, Venezuela	293.6306348668279	132.42394556959695	7.055555555555567	0.807526324915847	3	199.72908724117454	480.90612694218925	200.25669041711987									7.800000000000008	7.4333333333333425	5.933333333333348									New South Wales	Michigan	Michigan									Australia	United States	United States								
Maturín, Venezuela	293.1519443224331	36.89521565220792	6.733333333333345	1.399999999999995	2	256.2567286702252	330.04715997464103										5.33333333333335	8.13333333333334										New Jersey	New South Wales										United States	Australia									
Neiva, Colombia	291.3211343555228	66.84815177160574	8.100000000000007	0.23726840560069498	3	257.4410036370188	231.8274659986186	384.6949334309309									7.9000000000000075	7.966666666666674	8.433333333333339									New South Wales	New South Wales	California									Australia	Australia	United States								
Georgetown, Guyana	283.07645983308726	274.9579244450537	6.5296296296296426	1.06995378283068	9	547.3131147481913	67.82256392846045	919.103614662344	155.75695586971366	97.78539346754978	357.36488103423807	291.0916105147489	45.058873737422836	66.39113053511655			7.333333333333343	6.866666666666678	6.300000000000013	5.43333333333335	6.16666666666668	7.466666666666676	4.366666666666687	6.700000000000012	8.13333333333334			Unknown	Unknown	Unknown	New Jersey	New Jersey	New South Wales	Saxony	Ontario	California			Unknown	Unknown	Unknown	United States	United States	Australia	Germany	Canada	United States		
Arauca, Colombia	277.7078926273729	0	7.066666666666677	0	1	277.7078926273729											7.066666666666677											Wales											United Kingdom										
Esmeraldas, Ecuador	261.84108593146766	0	8.300000000000006	0	1	261.84108593146766											8.300000000000006											New South Wales											Australia										
Machala, Ecuador	260.8067759788769	44.21224932818507	4.633333333333352	2.733333333333324	2	216.59452665069182	305.01902530706195										1.900000000000028	7.366666666666676										Michigan	Michigan										United States	United States									
La Romana, Dominican Republic	260.7305296034343	139.07385026635473	8.000000000000007	0.29999999999999893	2	399.80437986978905	121.6566793370796										7.700000000000008	8.300000000000006										Texas	New South Wales										United States	Australia									
Los Ángeles, Chile	259.98570595213295	0	7.400000000000009	0	1	259.98570595213295											7.400000000000009											New South Wales											Australia										
Caracas, Venezuela	259.9210163125051	66.61799099428222	6.866666666666678	1.6335033925074396	4	348.2075603334095	160.5139312473551	262.8629606905398	268.0996129787162								8.600000000000005	8.000000000000007	6.500000000000012	4.366666666666687								New South Wales	New South Wales	Saxony	Stockholm								Australia	Australia	Germany	Sweden							
Huancayo, Peru	259.5935675390854	115.14749701987078	6.166666666666681	1.9362047641943407	3	273.1038964803848	112.29829361979775	393.3785125170737									3.633333333333356	6.533333333333346	8.33333333333334									Michigan	Michigan	New South Wales									United States	United States	Australia								
Ibarra, Ecuador	258.0867793483538	66.496921887331	8.016666666666673	0.2499999999999991	2	324.58370123568477	191.58985746102277										8.266666666666673	7.766666666666675										California	California										United States	United States									
Baní, Dominican Republic	244.77082122225102	309.6888689643268	7.1333333333333435	1.6834158395621888	4	40.556617631529214	780.3243688649926	89.46595605130356	68.7363423411787								7.6000000000000085	4.266666666666687	8.433333333333339	8.23333333333334								New South Wales	Cordoba	California	California								Australia	Argentina	United States	United States							
Santiago, Chile	244.08602708541667	79.93099352689724	6.566666666666679	0.7333333333333307	2	324.0170206123139	164.15503355851942										7.30000000000001	5.833333333333348										New South Wales	Ontario										Australia	Canada									
Paysandú, Uruguay	239.45376230226844	83.94839327135388	7.359259259259269	0.6557961475227048	9	121.2346535808627	171.15432197831743	199.30126099960103	345.76408608188945	190.3952978113755	409.5938245957918	233.59820321146015	226.70002174326532	257.34219071785225			7.766666666666675	7.333333333333343	6.566666666666679	6.16666666666668	8.13333333333334	6.966666666666677	8.13333333333334	7.9000000000000075	7.266666666666676			California	California	California	California	California	California	California	California	California			United States	United States	United States	United States	United States	United States	United States	United States	United States		
Higüey, Dominican Republic	237.54483747986615	0	8.13333333333334	0	1	237.54483747986615											8.13333333333334											New South Wales											Australia										
Huaraz, Peru	232.3645101084542	0	8.633333333333338	0	1	232.3645101084542											8.633333333333338											California											United States										
Punta Alta, Argentina	229.726942340536	0	0.8000000000000254	0	1	229.726942340536											0.8000000000000254											California											United States										
Mérida, Venezuela	229.5082992966321	0	7.500000000000009	0	1	229.5082992966321											7.500000000000009											Bogota D.C.											Colombia										
Portoviejo, Ecuador	227.59358288887674	100.24131179407337	8.33333333333334	0.16666666666666607	2	327.8348946829501	127.35227109480337										8.500000000000005	8.166666666666673										California	New South Wales										United States	Australia									
Port-au-Prince, Haiti	218.38812360583125	0	7.700000000000008	0	1	218.38812360583125											7.700000000000008											New South Wales											Australia										
Manta, Ecuador	209.81492426296057	22.461553825948457	7.733333333333341	0.6333333333333311	2	187.35337043701213	232.27647808890904										7.10000000000001	8.366666666666672										Ontario	New South Wales										Canada	Australia									
Santo André, Brazil	208.14232369934368	0.36182616693344016	8.016666666666673	0.11666666666666625	2	207.78049753241024	208.50414986627712										8.13333333333334	7.9000000000000075										New South Wales	New South Wales										Australia	Australia									
Quito, Ecuador	207.54852468026516	0	7.633333333333342	0	1	207.54852468026516											7.633333333333342											New Jersey											United States										
Azogues, Ecuador	196.827011540337	96.28876557402882	7.966666666666673	0.6182412330330447	6	326.98867414021964	246.58302324401657	114.77786737364855	107.91852412185246	296.11239088608045	88.5815894762042						8.166666666666673	7.800000000000008	7.066666666666677	8.86666666666667	8.500000000000005	7.400000000000009						California	California	California	California	California	California						United States	United States	United States	United States	United States	United States					
Quillacollo, Bolivia	196.46210700026558	1.5597107560532066	5.38333333333335	0.34999999999999876	2	198.02181775631877	194.90239624421235										5.7333333333333485	5.033333333333351										Stockholm	Ontario										Sweden	Canada									
Saint George's, Grenada	196.43515304971586	49.798239602231455	7.711111111111119	0.3292340531117556	3	261.299339921537	187.75753176780148	140.24858745980913									7.400000000000009	7.566666666666675	8.166666666666673									New Jersey	New Jersey	New South Wales									United States	United States	Australia								
Montevideo, Uruguay	194.88688330676968	24.926044497385945	7.683333333333342	0.016666666666666607	2	169.96083880938374	219.81292780415563										7.666666666666675	7.700000000000008										New South Wales	New South Wales										Australia	Australia									
Gualeguaychú, Argentina	188.6240262380263	0	7.733333333333341	0	1	188.6240262380263											7.733333333333341											New South Wales											Australia										
Asunción, Paraguay	185.1608184814682	61.17539634582141	7.15000000000001	0.9166666666666634	2	246.3362148272896	123.98542213564679										6.233333333333347	8.066666666666674										New Jersey	New Jersey										United States	United States									
Maiquetía, Venezuela	184.50488419039158	62.0354807341338	7.283333333333343	1.5833333333333277	2	122.4694034562578	246.5403649245254										8.86666666666667	5.700000000000015										California	Ontario										United States	Canada									
Kingstown, Saint Vincent And The Grenadines	180.25692750807426	76.35704632337394	6.809090909090921	0.943782515296811	11	283.5799975470478	198.64447383185865	259.96455700688296	286.30212060569426	81.2870893961161	124.87558057923647	59.84531217678945	206.62362132664873	201.54857623879332	96.58412371516086	183.57075016458822	8.13333333333334	6.933333333333344	6.133333333333347	7.4333333333333425	5.566666666666682	8.000000000000007	7.866666666666674	6.466666666666679	6.2000000000000135	6.966666666666677	5.200000000000017	Unknown	Unknown	Unknown	New Jersey	New Jersey	New South Wales	New South Wales	Michigan	Michigan	New South Wales	Cordoba	Unknown	Unknown	Unknown	United States	United States	Australia	Australia	United States	United States	Australia	Argentina
Puerto Plata, Dominican Republic	168.67249732043874	7.759095758466941	6.866666666666678	1.2999999999999954	2	176.43159307890568	160.9134015619718										8.166666666666673	5.566666666666682										New South Wales	Cordoba										Australia	Argentina									
Rafaela, Argentina	167.83938108938017	0	8.33333333333334	0	1	167.83938108938017											8.33333333333334											New South Wales											Australia										
Garzón, Colombia	167.64604495865314	0	7.733333333333341	0	1	167.64604495865314											7.733333333333341											New South Wales											Australia										
San Lorenzo, Paraguay	166.49274275064397	0	5.000000000000018	0	1	166.49274275064397											5.000000000000018											Saxony											Germany										
Talca, Chile	162.288166666276	141.07790965329403	7.788888888888896	0.06849348892187729	3	48.69231434251116	361.12992986216193	77.04225579415488									7.866666666666674	7.700000000000008	7.800000000000008									New South Wales	Bogota D.C.	New South Wales									Australia	Colombia	Australia								
Villavicencio, Colombia	155.04459769695657	69.85516244419193	7.1333333333333435	0.7333333333333307	2	85.18943525276465	224.8997601411485										6.400000000000013	7.866666666666674										New Jersey	New South Wales										United States	Australia									
Port of Spain, Trinidad And Tobago	136.60650355013917	94.01469069551617	8.000000000000007	0.4333333333333318	2	230.62119424565535	42.591812854623										7.566666666666675	8.433333333333339										California	New South Wales										United States	Australia									
Barahona, Dominican Republic	134.66670175634016	19.881768612038528	7.450000000000009	0.4166666666666652	2	114.78493314430162	154.54847036837867										7.033333333333344	7.866666666666674										Ontario	New South Wales										Canada	Australia									
Tarma, Peru	132.22048236550373	0	8.03333333333334	0	1	132.22048236550373											8.03333333333334											California											United States										
Resistencia, Argentina	127.45512202998178	0	7.700000000000008	0	1	127.45512202998178											7.700000000000008											New South Wales											Australia										
San Francisco, Argentina	125.79942691452165	0	5.533333333333349	0	1	125.79942691452165											5.533333333333349											Cordoba											Argentina										
Riobamba, Ecuador	123.56802581563744	0	8.800000000000004	0	1	123.56802581563744											8.800000000000004											California											United States										
Azua, Dominican Republic	122.3123502524184	65.29406723669587	7.2666666666666755	0.6759355656339483	5	156.33227128876374	115.93347108954104	226.93593811134073	70.76546783199353	41.594602940453036							8.23333333333334	6.966666666666677	7.9000000000000075	6.533333333333346	6.700000000000012							California	New York	Bogota D.C.	Ontario	Cordoba							United States	United States	Colombia	Canada	Argentina						
Castries, Saint Lucia	122.07341829650032	35.81210333176993	7.011111111111123	1.2910900744126652	3	71.71282244655991	151.90322230247247	142.60421014046858									6.433333333333346	8.800000000000004	5.800000000000015									New Jersey	California	Ontario									United States	United States	Canada								
Bonao, Dominican Republic	109.85158808517303	19.890176251084263	8.200000000000006	0.09999999999999964	2	89.96141183408876	129.7417643362573										8.300000000000006	8.100000000000007										California	California										United States	United States									
Paramaribo, Suriname	108.6530969581197	23.08382874054174	8.216666666666672	0.11666666666666625	2	131.73692569866145	85.56926821757797										8.100000000000007	8.33333333333334										New Jersey	New South Wales										United States	Australia									
Alajuela, Costa Rica	105.0446319996747	0	5.2666666666666835	0	1	105.0446319996747											5.2666666666666835											Saxony											Germany										
Latacunga, Ecuador	104.06761602879389	80.33326963336394	7.800000000000008	0.35381518506868004	3	81.14715595472711	19.16322238330069	211.89246974835385									7.533333333333342	7.566666666666675	8.300000000000006									New York	Bogota D.C.	New South Wales									United States	Colombia	Australia								
Chiquinquirá, Colombia	94.73030157116688	0	5.000000000000018	0	1	94.73030157116688											5.000000000000018											Ontario											Canada										
Valle de La Pascua, Venezuela	92.70362307505499	23.731182382058357	6.783333333333345	1.949999999999993	2	116.43480545711336	68.97244069299664										4.833333333333352	8.733333333333338										Ontario	California										Canada	United States									
Valparaíso, Chile	92.41641585038565	10.998026582502199	7.883333333333341	0.08333333333333304	2	81.41838926788346	103.41444243288785										7.800000000000008	7.966666666666674										New South Wales	California										Australia	United States									
Babahoyo, Ecuador	90.4140072484898	19.48007394237699	6.333333333333346	0.466666666666665	2	109.89408119086679	70.9339333061128										5.866666666666681	6.800000000000011										Stockholm	Ontario										Sweden	Canada									
Santiago, Dominican Republic	81.89029614684118	0	8.100000000000007	0	1	81.89029614684118											8.100000000000007											New South Wales											Australia										
Kingston, Jamaica	77.42110398657907	0	5.200000000000017	0	1	77.42110398657907											5.200000000000017											New Jersey											United States										
Panama City, Panama	70.24694211086354	17.96108019554247	4.816666666666684	2.983333333333323	2	88.20802230640601	52.28586191532107										7.800000000000008	1.8333333333333612										New South Wales	England										Australia	United Kingdom									
Carolina, Puerto Rico	64.71957806571598	27.473845678967578	6.806666666666677	1.0928860873851363	5	32.46300569298781	70.22033173946893	110.77786276135917	69.13351559356275	41.00317454120122							6.566666666666679	7.833333333333341	4.933333333333351	7.966666666666674	6.733333333333345							Ontario	California	California	California	Wales							Canada	United States	United States	United States	United Kingdom						
San Salvador, El Salvador	64.0263295328796	6.6459329343465114	6.816666666666678	0.4833333333333316	2	70.67226246722612	57.380396598533096										7.30000000000001	6.333333333333346										New Jersey	New South Wales										United States	Australia									
San Francisco de Macorís, Dominican Republic	62.414291364111605	10.681961345675361	3.9166666666666883	0.549999999999998	2	73.09625270978697	51.732330018436244										3.3666666666666902	4.466666666666686										Michigan	Michigan										United States	United States									
San Juan, Puerto Rico	60.136959314813964	23.463409865546804	7.322222222222231	0.6358623967921976	6	104.73516823861604	42.19610437543808	72.3713586323458	61.93526722393391	37.38775304311183	42.19610437543808						7.933333333333341	7.4333333333333425	6.766666666666678	6.433333333333346	8.266666666666673	7.10000000000001						California	California	California	California	California	California						United States	United States	United States	United States	United States	United States					
Ambato, Ecuador	55.805099824030975	46.24101287426018	8.283333333333339	0.4499999999999984	2	9.564086949770804	102.04611269829115										7.833333333333341	8.733333333333338										New York	California										United States	United States									
San Fernando, Trinidad And Tobago	45.64813359272945	0	8.23333333333334	0	1	45.64813359272945											8.23333333333334											New South Wales											Australia										
Ponce, Puerto Rico	43.89544889320332	16.695297144214738	8.08333333333334	0.04999999999999982	2	27.20015174898859	60.590746037418064										8.13333333333334	8.03333333333334										California	New York										United States	United States									
Buenos Aires, Argentina	37.415604222807936	0	7.633333333333342	0	1	37.415604222807936											7.633333333333342											New South Wales											Australia										
Belmopan, Belize	29.67431267826954	7.350164137526985	7.366666666666676	0.29999999999999893	2	37.024476815796525	22.324148540742556										7.066666666666677	7.666666666666675										New South Wales	New South Wales										Australia	Australia									
