citystring	mean_dist	std_dist	mean_time	std_time	num_guesses	dists0	dists1	dists2	dists3	dists4	dists5	dists6	dists7	dists8	dists9	dists10	dists11	dists12	times0	times1	times2	times3	times4	times5	times6	times7	times8	times9	times10	times11	times12	region0	region1	region2	region3	region4	region5	region6	region7	region8	region9	region10	region11	region12	country0	country1	country2	country3	country4	country5	country6	country7	country8	country9	country10	country11	country12
Tiwanaku, Tiwanaku Empire	15211.419948880059	3420.823456737171	5.983333333333348	1.424098155168927	4	19485.9559007782	14003.112270881855	10333.489708910214	17023.121914949963										7.033333333333344	3.633333333333356	6.066666666666681	7.20000000000001										Saxony	England	Saxony	Alberta										Germany	United Kingdom	Germany	Canada									
Vela Incident	14276.386135699362	0	6.26666666666668	0	1	14276.386135699362													6.26666666666668													Burgenland													Austria												
Mount Kosciuszko	13463.004947963223	2202.1415468423456	5.540000000000016	1.3196632567102484	5	10233.979218667655	11400.363815852737	15615.495872738886	15085.5617727791	14979.624059777732									5.766666666666682	4.366666666666687	5.766666666666682	4.0333333333333545	7.766666666666675									England	England	Saxony	Aargau	California									United Kingdom	United Kingdom	Germany	Switzerland	United States								
Vredefort Crater	12777.924423209504	727.8883067921606	5.883333333333348	1.0833333333333295	2	12050.036116417343	13505.812730001664												6.966666666666677	4.8000000000000185												Alberta	Saxony												Canada	Germany											
Newnes Glowworm Tunnel	12534.378873706924	6342.908030551211	5.41333333333335	1.39213664718821	5	101.44278805858738	17043.596718642	13745.963810533547	16952.79229896403	14828.098752336466									7.20000000000001	5.166666666666684	3.0666666666666913	6.36666666666668	5.2666666666666835									Florida	England	England	Saxony	Aargau									United States	United Kingdom	United Kingdom	Germany	Switzerland								
The Great Molasses Flood	10279.801343930456	6771.125329917652	5.988888888888904	0.6940665638551715	3	15352.353029098434	709.7411784408171	14777.309824252117											5.133333333333351	6.833333333333345	6.000000000000014											Saxony	Alberta	Saxony											Germany	Canada	Germany										
Fergana Valley	10003.579665832018	2615.7104214722895	6.016666666666682	1.7423642940938935	4	11704.695353417392	11396.337491202701	5477.7027927832405	11435.583025924741										3.966666666666688	4.8000000000000185	8.400000000000006	6.900000000000011										England	England	Alberta	Aargau										United Kingdom	United Kingdom	Canada	Switzerland									
Elugelab (First H-Bomb Test Site)	9080.30871782057	0	7.933333333333341	0	1	9080.30871782057													7.933333333333341													Alberta													Canada												
Very Large Telescope (VLT)	8936.507841980521	1847.6103905118775	6.6666666666666785	0.1999999999999993	2	7088.897451468644	10784.1182324924												6.866666666666678	6.466666666666679												Aargau	Alberta												Switzerland	Canada											
Bagan, Pagan Kingdom	8546.495790709821	0	7.033333333333344	0	1	8546.495790709821													7.033333333333344													Alberta													Canada												
Monasterio del Escorial	7889.813849034473	0	7.733333333333341	0	1	7889.813849034473													7.733333333333341													Alberta													Canada												
Nazca Lines	7159.564370593554	6996.941801915307	4.253333333333353	1.2039933554633886	5	15618.953638970697	1193.0599273992896	1807.4712448404734	1347.169696223968	15831.16734553334									2.2000000000000277	5.133333333333351	4.200000000000021	5.7333333333333485	4.000000000000021									Burgenland	New York	England	England	Saxony									Austria	United States	United Kingdom	United Kingdom	Germany								
Longmen Grottoes	6435.045481940693	3237.228622959888	5.948148148148162	1.766918997431462	9	7304.013183790319	8267.983723260539	3671.874541613102	124.15420983794965	8308.994336086771	7535.291340667685	7701.6042830767865	11632.440056779347	3369.0536623537378					6.866666666666678	6.400000000000013	7.400000000000009	7.066666666666677	4.466666666666686	2.366666666666694	4.000000000000021	7.20000000000001	7.766666666666675					Saxony	Florida	Saxony	Saxony	England	England	Saxony	Alberta	Bavaria					Germany	United States	Germany	Germany	United Kingdom	United Kingdom	Germany	Canada	Germany				
Giant Magellan Telescope (GMT)	5841.968076662003	5402.399051183446	7.016666666666677	1.016666666666663	2	11244.36712784545	439.569025478557												6.000000000000014	8.03333333333334												Alberta	Alberta												Canada	Canada											
Ellora Caves	5815.67319190218	3439.829227907378	7.358333333333342	0.6374319135754356	4	7511.64241089801	9605.438447815586	330.1405704324168	5815.471338462706										6.500000000000012	8.066666666666674	7.866666666666674	7.000000000000011										Saxony	Florida	Saxony	Florida										Germany	United States	Germany	United States									
CN Tower	5656.00855388581	5002.160560089039	6.546666666666678	2.7018183177671626	5	11784.845472413697	57.32974327370015	10713.4530104911	122.51665906742629	5601.89788418313									1.200000000000026	8.100000000000007	7.933333333333341	8.33333333333334	7.166666666666677									New York	Alberta	Saxony	Alberta	England									United States	Canada	Germany	Canada	United Kingdom								
That Wanaka Tree	5603.326993333369	6421.523541356146	5.688888888888904	1.9030839169783615	3	14621.637640282885	2019.6454375173848	168.69790219983628											3.933333333333355	4.8000000000000185	8.33333333333334											New York	Alberta	Alberta											United States	Canada	Canada										
Darvaza Gas Crater	5567.294302404897	5219.649578062108	5.822222222222237	2.233139847892845	3	3854.0843337525157	12642.082001892206	205.7165715699687											2.833333333333359	6.433333333333346	8.200000000000006											Saxony	Alberta	Alberta											Germany	Canada	Canada										
Great Barrier Reef	5358.496325414318	4472.941082464194	6.611111111111124	1.5377552984869454	3	11682.50635903659	2322.886370917936	2070.096246288427											4.600000000000019	6.900000000000011	8.33333333333334											North Rhine-Westphalia	Saxony	Alberta											Germany	Germany	Canada										
Null Island	5260.862784009397	5720.857090515332	6.433333333333345	2.4239545283597064	8	8849.936145496808	5226.640191152067	18267.170513578283	5847.659448791813	229.81500721599838	334.12117568633215	3080.2038722852103	251.3559178686596						0.6000000000000254	4.900000000000018	6.766666666666678	7.533333333333342	7.733333333333341	8.33333333333334	8.166666666666673	7.4333333333333425						England	England	Saxony	Alberta	Alberta	Alberta	England	Alberta						United Kingdom	United Kingdom	Germany	Canada	Canada	Canada	United Kingdom	Canada					
Debre Damo Monastery	5083.859726577303	4895.738170772599	6.8333333333333455	1.377437233899723	5	655.8828201647874	4508.283579272439	722.8074426850817	5462.890372183036	14069.434418581173									7.633333333333342	6.6666666666666785	4.233333333333354	7.566666666666675	8.066666666666674									Florida	Saxony	Florida	Alberta	Alberta									United States	Germany	United States	Canada	Canada								
Obelisk of Axum	5072.404399154108	909.2521499384083	6.5111111111111235	0.3909469352390915	3	5822.53027347106	5601.826170413414	3792.856753577852											6.866666666666678	6.700000000000012	5.966666666666681											Alberta	Alberta	Florida											Canada	Canada	United States										
Sigiriya Fortress	4946.214986985066	2249.8194605480135	7.788888888888896	0.218298696715427	3	6919.963378505478	1798.1445084178652	6120.537074031854											7.766666666666675	7.533333333333342	8.066666666666674											Florida	Alberta	Alberta											United States	Canada	Canada										
Discovery of Denisovans	4944.817332367314	2813.741085698454	7.055555555555567	0.1812167381144448	3	8917.558702667331	3155.1770453547747	2761.716249079837											7.30000000000001	6.866666666666678	7.000000000000011											Alberta	Saxony	Aargau											Canada	Germany	Switzerland										
Parliament Hill	4790.526456605691	3253.023055197902	6.250000000000013	2.2495884397258337	6	10110.265416631888	6464.113045195404	827.5998414323018	5287.407416888631	5287.407416888631	766.3656025972928								9.866666666666667	2.866666666666692	6.866666666666678	4.566666666666686	5.600000000000016	7.733333333333341								New York	New York	Saxony	England	England	Saxony								United States	United States	Germany	United Kingdom	United Kingdom	Germany							
Site of First Phone Call (by Alexander Graham Bell)	4627.3786162103215	92.33326108207257	6.150000000000014	0.6833333333333309	2	4719.711877292394	4535.045355128249												5.466666666666683	6.833333333333345												Burgenland	Saxony												Austria	Germany											
Chapel of the Rosario, Puebla	4600.7839056349485	4653.307065978359	7.6000000000000085	0.3785938897200169	4	6999.776262796516	315.45802720418027	11053.703714743524	34.19761779557321										7.366666666666676	7.166666666666677	7.700000000000008	8.166666666666673										Alberta	California	Alberta	Alberta										Canada	United States	Canada	Canada									
Denali (formerly Mount McKinley)	4572.045567197277	4325.904853514456	4.722222222222239	2.061433038650416	6	9017.74336295533	2783.2167902998635	11813.833000773277	2944.4330479359446	533.7036075084607	339.34359371078256								0.666666666666692	4.533333333333353	4.233333333333354	5.833333333333348	5.833333333333348	7.233333333333343								Burgenland	England	England	Saxony	Alberta	Florida								Austria	United Kingdom	United Kingdom	Germany	Canada	United States							
Meteor Crater	4539.3569435770105	3447.091175410379	6.477777777777791	1.38893333262224	3	9397.18173665977	2463.7292299345645	1757.1598641366977											5.866666666666681	8.400000000000006	5.166666666666684											California	Alberta	Alberta											United States	Canada	Canada										
Hindenburg Disaster	4479.214120387339	2580.2085784633523	7.266666666666676	1.232206692618297	4	6369.685930178795	5185.228327104446	6278.2841164029405	83.65810786317323										7.000000000000011	5.366666666666683	8.200000000000006	8.500000000000005										Burgenland	Florida	Alberta	Alberta										Austria	United States	Canada	Canada									
Citadelle Laferrière	4461.146405569897	3508.179003447675	6.34666666666668	1.2695756071310644	5	7267.002766079713	7486.410501313594	7220.414802749779	183.19178851402708	148.71216919236946									7.10000000000001	6.633333333333345	7.6000000000000085	3.933333333333355	6.466666666666679									Saxony	California	Alberta	Alberta	Florida									Germany	United States	Canada	Canada	United States								
Exxon Valdez Oil Spill	4410.1857790991535	3421.044929482381	3.713333333333355	2.092908661806969	5	6635.559000025623	8393.453267467692	291.6954379147551	319.39974039189605	6410.821449695801									2.266666666666694	1.4666666666666934	3.3666666666666902	3.933333333333355	7.533333333333342									Burgenland	New York	Florida	Florida	Alberta									Austria	United States	United States	United States	Canada								
Wright Flyer (First heavier-than-air powered flight) 	4263.126130105832	2316.784233273	4.655555555555573	2.6827754193404343	3	5874.347599936624	986.845889432782	5928.18490094809											1.3000000000000262	7.866666666666674	4.8000000000000185											Burgenland	Alberta	Saxony											Austria	Canada	Germany										
Chichen Itza	4251.508110405212	0	7.366666666666676	0	1	4251.508110405212													7.366666666666676													Saxony													Germany												
Mount Aconcagua	4000.4515103778135	4647.480422210312	7.055555555555567	0.5871042139387938	3	1386.529577784601	84.9446203852749	10529.880332963565											7.566666666666675	7.366666666666676	6.233333333333347											Alberta	Aargau	Alberta											Canada	Switzerland	Canada										
Borobudur Temple	3980.35822632969	1020.4558375311977	5.500000000000017	1.6345800230798837	3	2560.134554254734	4912.322976446957	4468.617148287378											3.2666666666666906	6.100000000000014	7.1333333333333435											England	England	Alberta											United Kingdom	United Kingdom	Canada										
Magura Cave Prehistoric Paintings	3859.128925236222	2549.300932104238	5.38333333333335	1.7089903885476148	6	1385.2859051920154	1876.5899795968612	1535.68599097764	5614.370005904039	4391.424383198514	8351.417286548261								4.933333333333351	2.43333333333336	4.533333333333353	5.866666666666681	6.733333333333345	7.800000000000008								New York	England	England	Alberta	England	Alberta								United States	United Kingdom	United Kingdom	Canada	United Kingdom	Canada							
Three Mile Island Nuclear Incident	3777.4503030059286	4719.573777032576	5.911111111111126	1.7700526601638338	9	9247.673741716562	387.5021730423807	290.13333755038707	11465.618352900952	177.3098608832655	236.32873493797237	10468.6570539276	1367.6286505342996	356.20082155993595					3.8333333333333552	5.500000000000016	4.566666666666686	2.733333333333359	6.800000000000011	7.9000000000000075	6.400000000000013	7.4333333333333425	8.03333333333334					New York	England	England	Saxony	Florida	Florida	Alberta	Saxony	Alberta					United States	United Kingdom	United Kingdom	Germany	United States	United States	Canada	Germany	Canada				
Vostok 1 (Yuri Gagarin) Launch Site	3705.768491352774	2079.686632877336	4.911111111111128	1.6261368293148957	6	3179.949866433179	6283.796494021449	5446.438550324216	1724.2658971494454	516.3290417290119	5083.831098459345								2.2000000000000277	5.533333333333349	4.200000000000021	6.36666666666668	7.10000000000001	4.066666666666688								New York	Saxony	Saxony	Florida	Saxony	Aargau								United States	Germany	Germany	United States	Germany	Switzerland							
Rosetta Stone Discovery Site	3467.5006428258494	0	7.500000000000009	0	1	3467.5006428258494													7.500000000000009													Alberta													Canada												
Abuna Yemata Guh Church	3439.8890087448362	3147.7372411449805	7.5583333333333425	0.6482347825698112	4	7645.309866186651	291.4027098334996	516.01852083006	5306.824938129134										8.633333333333338	6.900000000000011	7.400000000000009	7.30000000000001										Florida	Saxony	Aargau	Alberta										United States	Germany	Switzerland	Canada									
Christ of the Abyss	3396.5473585450486	3436.0684384595143	6.733333333333345	0.0707106781186545	4	9127.096219578038	360.7635774842219	2926.7217748168746	1171.6078623010599										6.700000000000012	6.800000000000011	6.800000000000011	6.633333333333345										Alberta	Saxony	California	Alberta										Canada	Germany	United States	Canada									
Angkor Wat	3166.96700353416	3331.940644017697	6.600000000000011	2.043743841309096	5	971.3094269628637	215.52800377420508	7509.821160456238	193.18442680300174	6944.991999674493									2.833333333333359	6.033333333333347	8.200000000000006	8.166666666666673	7.766666666666675									Burgenland	Burgenland	Saxony	Alberta	Saxony									Austria	Austria	Germany	Canada	Germany								
Mont Blanc	2999.3237151866174	0	7.666666666666675	0	1	2999.3237151866174													7.666666666666675													New York													United States												
Great Zimbabwe	2974.815648151517	3652.516944479795	7.893333333333341	1.0995756757343527	5	3207.374870106105	1614.1670254958397	92.00438733587875	9901.886081007668	58.645876812094365									6.700000000000012	7.4333333333333425	7.20000000000001	9.833333333333334	8.300000000000006									Burgenland	New York	Alberta	England	Alberta									Austria	United States	Canada	United Kingdom	Canada								
Tenochtitlan, Aztec Empire	2877.2001490169723	4549.549921700352	8.166666666666671	0.9623466688834666	4	10756.713671270241	207.28513913493012	337.5166465277866	207.28513913493012										9.400000000000002	8.23333333333334	6.700000000000012	8.33333333333334										Vienna	Alberta	Saxony	Alberta										Austria	Canada	Germany	Canada									
Taktsang Palphug Monastery	2759.822423484894	1740.920405940884	5.453333333333349	1.3580378001611935	5	1732.4052796218566	679.6442715502236	4010.00107613397	1888.0659146397686	5488.995575478651									5.600000000000016	3.200000000000024	5.933333333333348	7.400000000000009	5.133333333333351									England	England	Saxony	Alberta	Saxony									United Kingdom	United Kingdom	Germany	Canada	Germany								
Mount Kilimanjaro	2683.873547161026	2423.762767894478	6.172222222222236	1.2426698656770097	6	1827.1026936670069	5946.737864886781	1373.0374915025548	428.79739367687085	400.9900092268914	6126.575830006053								5.500000000000016	7.1333333333333435	4.40000000000002	5.23333333333335	6.700000000000012	8.066666666666674								New York	Florida	England	England	Alberta	Saxony								United States	United States	United Kingdom	United Kingdom	Canada	Germany							
Mount Puncak Jaya	2636.056459255537	2332.033645915471	6.927777777777788	0.9131582692454535	6	6945.277490242788	3463.1319995508456	1911.9413648417442	205.54498651414926	3223.449739019084	66.99317536461011								5.23333333333335	7.800000000000008	6.333333333333346	7.800000000000008	7.4333333333333425	6.966666666666677								Saxony	Alberta	Saxony	Alberta	Saxony	Alberta								Germany	Canada	Germany	Canada	Germany	Canada							
Abu Simbel Temples	2554.4507510401418	1211.7622020792992	5.883333333333348	2.3876805729658392	6	2696.375543417988	2383.517282097668	1434.5834026581495	1579.2663883851221	2150.203136135525	5082.758753546396								8.13333333333334	2.566666666666693	2.8000000000000256	5.900000000000015	7.733333333333341	8.166666666666673								Saxony	England	England	Saxony	Alberta	Alberta								Germany	United Kingdom	United Kingdom	Germany	Canada	Canada							
Lake Titicaca	2552.5178104107945	3280.4793055911123	7.366666666666675	0.7205964607595957	6	63.46396194329248	622.7007846642955	192.90605604099446	6059.702530156653	223.89654579356755	8152.436983865964								7.066666666666677	6.000000000000014	8.066666666666674	7.766666666666675	8.066666666666674	7.233333333333343								Florida	Alberta	Alberta	Saxony	Alberta	England								United States	Canada	Canada	Germany	Canada	United Kingdom							
Church of Saint George, Lalibela	2540.7254638289164	1990.0316936225522	6.2111111111111255	1.368246602565519	6	3419.3108277463666	397.9359814498894	5781.427762530181	3894.881178512077	367.7662331396464	1383.0307995953383								5.200000000000017	3.933333333333355	5.766666666666682	7.30000000000001	7.266666666666676	7.800000000000008								Burgenland	Burgenland	Saxony	Alberta	Alberta	Florida								Austria	Austria	Germany	Canada	Canada	United States							
Trinity Nuclear Test Site	2504.025981152554	1273.5394901644104	7.2166666666666766	0.38115322086764103	4	2779.7766271716014	4129.368665755906	2544.1245967040013	562.8340349787063										7.400000000000009	7.733333333333341	6.733333333333345	7.000000000000011										Alberta	Saxony	Aargau	Alberta										Canada	Germany	Switzerland	Canada									
Moai Statues of Easter Island	2443.3309454383552	3090.9851196584455	6.9200000000000115	1.0421345615823498	10	6600.638881831003	58.6076403555731	7560.426756349482	51.145984936525316	6489.041864933005	42.37504581561751	19.73480406649965	42.37504581561751	48.73706580091306	3520.2263644793175				4.900000000000018	6.300000000000013	6.600000000000012	7.500000000000009	7.20000000000001	8.200000000000006	6.066666666666681	8.13333333333334	8.13333333333334	6.16666666666668				Saxony	Florida	Alberta	Alberta	Saxony	Alberta	Saxony	Alberta	Alberta	England				Germany	United States	Canada	Canada	Germany	Canada	Germany	Canada	Canada	United Kingdom			
Rosalind Franklin takes first diffraction photo of DNA	2397.466727428569	2824.892174206401	5.406666666666682	2.545793916770685	5	5854.3442099548165	5859.334064685962	67.82310434479035	38.157800868051375	167.67445728922382									1.5333333333333603	3.2666666666666906	6.833333333333345	8.066666666666674	7.333333333333343									Burgenland	Alberta	Alberta	Alberta	Alberta									Austria	Canada	Canada	Canada	Canada								
Terracotta Army	2377.7996026961914	2549.0317770038587	6.250000000000014	1.4127396551853846	4	1205.2797663159572	520.845622089164	6771.626240948058	1013.4467814315866										4.8000000000000185	5.033333333333351	6.933333333333344	8.23333333333334										England	England	Saxony	Alberta										United Kingdom	United Kingdom	Germany	Canada									
Tian Tan Buddha	2367.4968162685373	335.4790846884307	7.400000000000009	0.7666666666666639	2	2032.0177315801066	2702.975900956968												6.633333333333345	8.166666666666673												Aargau	Alberta												Switzerland	Canada											
Discovery of early Australopithecus, a.k.a Lucy	2214.707167868859	1877.9174977070322	7.21111111111112	0.5452375176171224	3	1803.2003343960935	148.26829811290443	4692.652871097579											6.566666666666679	7.166666666666677	7.9000000000000075											Alberta	Alberta	Florida											Canada	Canada	United States										
Mount Elbrus	2026.813314341326	860.7381213893481	6.400000000000013	1.5333333333333279	2	2887.5514357306743	1166.0751929519781												7.933333333333341	4.866666666666685												California	Aargau												United States	Switzerland											
K2 (Mountain)	1999.897194141499	2076.916246204118	7.1800000000000095	0.9712763652935097	5	429.9008369398918	534.9398628596841	1159.9411239714243	1846.4278871381016	6028.276259798394									5.366666666666683	8.23333333333334	7.400000000000009	7.20000000000001	7.700000000000008									Florida	Alberta	Saxony	Saxony	Alberta									United States	Canada	Germany	Germany	Canada								
Edward Jenner Develops the First Successful Vaccine	1946.6880012135728	2638.0059225037776	6.061111111111124	1.4862227372407348	12	96.0487041217435	78.70585333912878	104.33677390579602	60.67399555334801	5550.04172776827	63.3519799281909	56.80664577231812	113.91753891980329	5809.660573112267	5808.825272594941	83.51407479797017	5534.372874749095		3.166666666666691	3.5333333333333563	7.000000000000011	6.700000000000012	6.600000000000012	5.200000000000017	7.933333333333341	7.766666666666675	6.26666666666668	5.200000000000017	7.533333333333342	5.833333333333348		England	England	Alberta	Saxony	Alberta	England	Alberta	England	Saxony	Aargau	Saxony	Aargau		United Kingdom	United Kingdom	Canada	Germany	Canada	United Kingdom	Canada	United Kingdom	Germany	Switzerland	Germany	Switzerland	
Sinking of the RMS Lusitania	1928.7426505837716	0	6.066666666666681	0	1	1928.7426505837716													6.066666666666681													Alberta													Canada												
Chernobyl Nuclear Disaster	1786.0530116824787	0	7.9000000000000075	0	1	1786.0530116824787													7.9000000000000075													Alberta													Canada												
Cave of the Crystals (Cueva de los Cristales)	1761.3547608864799	0	7.10000000000001	0	1	1761.3547608864799													7.10000000000001													Alberta													Canada												
Bodhi Tree	1750.4128289774703	1604.1360229917518	8.016666666666673	0.4499999999999984	2	3354.548851969222	146.2768059857184												7.566666666666675	8.466666666666672												Alberta	Alberta												Canada	Canada											
Pearl Harbor	1734.7339944976222	2306.057594689362	6.177777777777791	2.712089987217494	6	5660.570618984361	221.75521093574983	152.05211918933108	4223.299893594046	100.32146356020276	50.40466072204249								3.7000000000000224	8.03333333333334	7.666666666666675	1.2666666666666928	8.066666666666674	8.33333333333334								Saxony	Florida	Alberta	Saxony	Alberta	Alberta								Germany	United States	Canada	Germany	Canada	Canada							
Leptis Magna, Carthaginian Empire	1633.772962645869	574.4362130840977	4.200000000000021	1.7365355036841412	5	2487.8623785302457	2019.0589531786138	1194.538970770438	873.8890062899842	1593.5155044600635									2.1666666666666945	3.4000000000000234	3.1333333333333577	7.033333333333344	5.2666666666666835									Schleswig-Holstein	England	England	Saxony	Aargau									Germany	United Kingdom	United Kingdom	Germany	Switzerland								
Cusco, Incan Empire	1625.295553445834	2169.9385582814325	6.422222222222235	1.597760778769094	3	74.75204706345727	4693.995122415477	107.139490858567											7.666666666666675	4.166666666666687	7.4333333333333425											Alberta	Saxony	Alberta											Canada	Germany	Canada										
Saint Basil's Cathedral	1612.0392258615861	1022.1941911817167	7.6066666666666745	0.4823092599382896	5	2668.7030050320545	263.89181507890146	2281.150309514792	2364.329678580698	482.1213211014859									7.800000000000008	7.766666666666675	7.633333333333342	6.700000000000012	8.13333333333334									Saxony	Alberta	Saxony	Aargau	Alberta									Germany	Canada	Germany	Switzerland	Canada								
14th Dalai Lama Birthplace	1608.7013788145537	892.9977752633363	6.641666666666679	1.5454907526952886	4	1878.5154543006483	1452.7649887705775	2793.974323553645	309.55074863334465										8.000000000000007	5.900000000000015	4.466666666666686	8.200000000000006										Alberta	Aargau	Bavaria	Alberta										Canada	Switzerland	Germany	Canada									
Hoover Dam	1574.5507911231316	3257.9523983772588	7.466666666666675	1.2185804329649017	9	2508.989386228207	10549.052707569073	50.78724524726618	369.0806309130889	160.66094935685092	143.0651002667326	263.1009108729534	89.26511913808389	36.95507051592749					6.466666666666679	9.966666666666667	6.300000000000013	6.466666666666679	5.933333333333348	7.766666666666675	8.000000000000007	8.366666666666672	7.933333333333341					Saxony	Florida	England	England	Saxony	Alberta	Saxony	Alberta	Alberta					Germany	United States	United Kingdom	United Kingdom	Germany	Canada	Germany	Canada	Canada				
Location of Golden Plates found by Joseph Smith	1555.563768883359	1770.986663748253	7.146666666666675	0.6372161677519189	5	2482.202188213886	4622.537926608742	53.47289296024897	478.4184253097046	141.18741132421334									6.233333333333347	6.633333333333345	7.700000000000008	7.233333333333343	7.933333333333341									Alberta	Saxony	Alberta	Saxony	Alberta									Canada	Germany	Canada	Germany	Canada								
Babylon, Babylonian Empire	1532.9482741390696	869.9599320837705	5.186666666666684	2.0352013277423966	5	762.1674083966183	2050.8237505861994	227.15436499318008	2343.7922118331676	2280.8036348861824									5.766666666666682	2.3333333333333606	3.300000000000024	7.366666666666676	7.166666666666677									Saxony	England	England	Saxony	Saxony									Germany	United Kingdom	United Kingdom	Germany	Germany								
Ta Prohm Temple	1493.7206845565356	892.7736521690153	5.953333333333347	2.52230934749178	5	764.9781482637151	371.98352537596315	2200.7610549637616	2787.323717554524	1343.5569766247147									1.133333333333359	7.700000000000008	7.766666666666675	5.7333333333333485	7.4333333333333425									Burgenland	Florida	Alberta	Aargau	Alberta									Austria	United States	Canada	Switzerland	Canada								
Mount Everest	1482.3458202627992	1509.662029922307	5.166666666666682	2.855501512674936	4	847.7420781371754	4072.492811053672	719.8179371093145	289.3304547510346										0.8000000000000254	4.433333333333353	7.666666666666675	7.766666666666675										Burgenland	New York	Florida	Alberta										Austria	United States	United States	Canada									
Mount Rushmore	1421.8215277897518	852.9041741008651	4.522222222222239	2.9866782407183083	3	2318.6151070412934	1671.9870134536832	274.86246287427906											0.30000000000002547	6.733333333333345	6.533333333333346											Schleswig-Holstein	Saxony	Alberta											Germany	Germany	Canada										
Tikal, Maya Civilization	1412.2405859413552	1095.817983439466	5.406666666666683	1.8265206754312293	5	491.66257425585803	200.656529909662	2585.2594254639525	2854.29191404486	929.332486032445									4.30000000000002	4.633333333333352	3.033333333333358	7.233333333333343	7.833333333333341									England	England	Alberta	Saxony	Alberta									United Kingdom	United Kingdom	Canada	Germany	Canada								
Equestrian Statue of Genghis Khan	1407.9057681729887	2124.713356638065	7.113333333333344	0.7347259504211202	5	170.22740586966069	5607.174924571926	37.578875788123	250.01088204362333	974.5367525916106									7.700000000000008	6.600000000000012	7.966666666666674	7.333333333333343	5.966666666666681									Alberta	Saxony	Alberta	Saxony	Aargau									Canada	Germany	Canada	Germany	Switzerland								
Sinking of the RMS Titanic	1374.9155339971946	653.630550175404	4.9555555555555735	2.106837780204906	6	1178.5854164142002	2327.880275048128	482.4749672229531	1922.2410391817687	1636.0714388221272	702.2400672939892								2.700000000000026	1.733333333333361	6.233333333333347	4.8000000000000185	7.033333333333344	7.233333333333343								Burgenland	Florida	England	England	Alberta	Saxony								Austria	United States	United Kingdom	United Kingdom	Canada	Germany							
Fort Knox	1364.8028482531163	1163.8211823945046	4.850000000000018	0.7166666666666641	2	200.98166585861168	2528.624030647621												4.133333333333354	5.566666666666682												Burgenland	New York												Austria	United States											
Porcelain Tower of Nanjing (琉璃塔)	1348.6391440495142	962.6855578914054	6.144444444444457	2.702582212863079	3	535.7232264592224	809.3058953071401	2700.88831038218											2.3333333333333606	7.800000000000008	8.300000000000006											Burgenland	Alberta	England											Austria	Canada	United Kingdom										
Taal Volcano	1313.3690094605179	1116.3177512857428	8.166666666666673	0.06666666666666643	2	2429.6867607462605	197.05125817477514												8.100000000000007	8.23333333333334												Alberta	Alberta												Canada	Canada											
Leshan Giant Buddha (乐山大佛)	1309.541529714217	669.9813869232878	4.9111111111111265	3.1844917419143894	3	1851.2941356464933	1711.8596070793983	365.47084641675923											0.43333333333335877	6.733333333333345	7.566666666666675											Burgenland	Alberta	Alberta											Austria	Canada	Canada										
Battle of Isandlwana	1299.929687630099	2719.087771095622	6.890476190476201	1.036740050337008	7	7955.3320591275415	352.98255283950914	113.86623344496813	118.37595557498335	102.01269053871013	107.84090073026488	349.09742115471494							7.766666666666675	5.833333333333348	6.26666666666668	5.23333333333335	8.266666666666673	7.333333333333343	7.533333333333342							Alberta	Saxony	Alberta	Alberta	Alberta	Alberta	Florida							Canada	Germany	Canada	Canada	Canada	Canada	United States						
Kinkaku-ji (金閣寺)	1298.320198452944	1180.8174006217885	6.516666666666679	2.0547370742857622	8	459.4375419533325	952.3502552494135	561.2593154565809	1579.3405741540357	2716.3354590456593	276.9799095454328	3635.2244010994796	205.6341311196171						3.8666666666666885	3.2666666666666906	4.600000000000019	8.100000000000007	7.633333333333342	8.300000000000006	8.066666666666674	8.300000000000006						New York	England	England	Alberta	Saxony	Alberta	Saxony	Alberta						United States	United Kingdom	United Kingdom	Canada	Germany	Canada	Germany	Canada					
The Little Mermaid (statue)	1291.67955479446	848.4071045071281	6.6666666666666785	0.7076303701373601	3	2311.0602925411536	233.95715574358002	1330.0212160986462											7.666666666666675	6.133333333333347	6.2000000000000135											Alberta	Saxony	California											Canada	Germany	United States										
Tsar Bomba Nuclear Test Site	1284.6944914522614	1205.566579232101	6.26666666666668	0.7666666666666639	2	2490.2610706843625	79.1279122201603												5.500000000000016	7.033333333333344												Saxony	Florida												Germany	United States											
Iguazu Falls	1244.6883670227003	0	7.4333333333333425	0	1	1244.6883670227003													7.4333333333333425													Florida													United States												
Bering Strait	1240.055404742102	3059.0037791959	5.870833333333348	1.8969593725515277	8	67.91799076128741	42.91221095667113	69.13832360901563	9333.076197264496	143.24114553694622	69.48145224709262	90.57607131888038	104.09984624242476						4.633333333333352	4.9666666666666845	5.43333333333335	7.466666666666676	7.366666666666676	7.366666666666676	1.9333333333333615	7.800000000000008						Burgenland	Burgenland	Saxony	Alberta	Alberta	Saxony	Aargau	Alberta						Austria	Austria	Germany	Canada	Canada	Germany	Switzerland	Canada					
Vostok 1 (Yuri Gagarin) Landing Site	1215.4436681520415	777.6519226655051	5.637500000000015	1.5400611008802305	8	1475.7355071851475	2065.483940469894	2607.735860612093	1067.1561282034681	779.6498654693073	108.979002330492	395.1357799071223	1223.6732610388062						7.500000000000009	3.000000000000025	3.4333333333333567	5.533333333333349	6.400000000000013	5.833333333333348	6.066666666666681	7.333333333333343						Saxony	England	England	Saxony	England	England	Saxony	Florida						Germany	United Kingdom	United Kingdom	Germany	United Kingdom	United Kingdom	Germany	United States					
Execution of the Romanov family	1210.8209221410466	1099.0314893247087	7.413333333333343	1.0651238842918136	5	3036.4687404927145	1235.926483011027	1614.8202800566173	66.70548568394649	100.18362146092701									5.666666666666682	8.000000000000007	6.700000000000012	8.433333333333339	8.266666666666673									Burgenland	Alberta	Saxony	Alberta	Alberta									Austria	Canada	Germany	Canada	Canada								
Jamestown Settlement	1208.1398539151646	1141.6854557869483	7.186666666666676	1.1995554732205271	5	480.08552425949864	323.2525887411731	2337.9440059195695	69.31524287440283	2830.1019077811784									7.966666666666674	7.366666666666676	4.833333333333352	8.03333333333334	7.733333333333341									Florida	Alberta	Saxony	Saxony	Aargau									United States	Canada	Germany	Germany	Switzerland								
Petronas Towers	1171.1091580803725	1525.8582253630966	6.866666666666678	1.0498677165349044	3	72.62224553267566	111.82538017899603	3328.8798485294456											6.333333333333346	8.33333333333334	5.933333333333348											Alberta	Alberta	Saxony											Canada	Canada	Germany										
Petra	1128.159172875032	910.6630517038925	7.20000000000001	0.5999999999999979	2	2038.8222245789245	217.4961211711394												7.800000000000008	6.600000000000012												Saxony	Saxony												Germany	Germany											
Victoria Falls	1126.9298745763147	874.3884361757044	7.483333333333342	0.8374896350934045	4	2077.132910214618	494.15557872982083	45.02784000220533	1891.4031693586146										6.633333333333345	8.433333333333339	6.6666666666666785	8.200000000000006										Alberta	Alberta	Alberta	Florida										Canada	Canada	Canada	United States									
Catacombs of Kom El Shoqafa	1063.050236680469	1871.0824200577738	6.394444444444457	1.619375355873325	6	5242.319988960489	377.1560547168336	128.22615793122014	131.53105014575027	206.47057977819196	292.59758855032845								5.800000000000015	5.400000000000016	3.666666666666689	8.13333333333334	7.1333333333333435	8.23333333333334								Alberta	England	Alberta	Alberta	Alberta	Florida								Canada	United Kingdom	Canada	Canada	Canada	United States							
Hanging Gardens of Babylon	1051.8774019961716	696.0977490332866	5.994444444444459	1.7387113860415695	6	976.3726400934609	194.5993990125733	1591.0967241113901	2244.223729789198	912.4971345717992	392.4747843986082								4.8000000000000185	2.866666666666692	5.933333333333348	8.03333333333334	7.266666666666676	7.066666666666677								Saxony	Florida	Saxony	Saxony	California	Alberta								Germany	United States	Germany	Germany	United States	Canada							
The White House	1012.4231113424825	1538.748944110964	6.508333333333345	1.8388364376541	4	3677.218134078114	165.21716832887844	91.63278943362256	115.6243535293148										3.766666666666689	5.900000000000015	8.066666666666674	8.300000000000006										New York	Saxony	Florida	Alberta										United States	Germany	United States	Canada									
Fushimi Inari-taisha (伏見稲荷大社)	964.8470734390094	1198.7678009785043	6.966666666666677	1.1072990161248688	4	3041.02018204942	289.28130681985704	249.66695315753313	279.4198517292276										7.233333333333343	5.300000000000017	6.933333333333344	8.400000000000006										New York	Florida	Florida	Alberta										United States	United States	United States	Canada									
Lenin's Mausoleum	865.9812970853293	1017.6839014294693	6.400000000000013	1.640629960309956	4	460.13405932682684	180.9080672778213	2618.4276635646684	204.45539817200034										8.13333333333334	6.833333333333345	3.7000000000000224	6.933333333333344										Alberta	Aargau	California	Aargau										Canada	Switzerland	United States	Switzerland									
Zhangjiajie National Forest Park (湖南张家界国家森林公园)	848.0800850058516	323.6715858954987	7.300000000000009	0.43800896320948784	3	426.8368287912402	903.5871341902065	1213.8162920361078											7.733333333333341	6.700000000000012	7.466666666666676											Burgenland	Alberta	Saxony											Austria	Canada	Germany										
Valley of the Kings	783.3413428715859	667.4610951865582	7.83333333333334	0.3208784239598578	3	1686.1677091737768	570.5384793079847	93.3178401329963											8.266666666666673	7.500000000000009	7.733333333333341											Alberta	Florida	Alberta											Canada	United States	Canada										
Great Pyramid of Giza	779.5529220138211	573.4220239025304	7.655555555555563	0.9178611745805915	3	55.80076023726425	1458.2196790394062	824.638326764793											8.433333333333339	6.36666666666668	8.166666666666673											Alberta	Saxony	Saxony											Canada	Germany	Germany										
Mausoleum at Halicarnassus	778.8039840794464	566.2466344262984	6.933333333333344	1.5960019493165427	4	1532.5962953544818	308.21391742323993	1113.0081732919905	161.39755024807326										4.3333333333333535	7.800000000000008	7.033333333333344	8.566666666666672										Burgenland	Alberta	Saxony	Alberta										Austria	Canada	Germany	Canada									
Nineveh, Assyrian Empire	770.9927031721445	0	5.7333333333333485	0	1	770.9927031721445													5.7333333333333485													Saxony													Germany												
Taipei 101 (臺北101/台北101)	769.498829358758	650.5793250976934	6.091666666666681	0.31479711279206724	4	1426.9940720721188	185.78083154402933	55.38587299846695	1409.834540820417										5.700000000000015	5.966666666666681	6.566666666666679	6.133333333333347										Burgenland	Burgenland	Burgenland	Saxony										Austria	Austria	Austria	Germany									
Chicxulub Crater	765.0496666311356	240.8312124181943	7.466666666666676	0.1999999999999993	2	524.2184542129412	1005.8808790493298												7.666666666666675	7.266666666666676												Alberta	Saxony												Canada	Germany											
Venus de Milo (statue)	764.0258656058289	586.8814057493905	6.344444444444458	0.4991350543381361	3	797.9898192366253	28.86597628413887	1465.2218012967226											7.033333333333344	5.866666666666681	6.133333333333347											Alberta	Alberta	Florida											Canada	Canada	United States										
Battle of Waterloo	682.3358186336835	886.0592156354554	6.97500000000001	1.352543899472393	8	416.7014715224888	846.1973127901344	695.544702113747	95.68224225271659	39.23911503593136	430.58872750304664	30.431886148821267	2904.3010917025817						4.666666666666686	7.666666666666675	8.266666666666673	8.500000000000005	6.900000000000011	6.966666666666677	7.866666666666674	4.9666666666666845						New York	Florida	Alberta	Alberta	Saxony	Aargau	Aargau	Bavaria						United States	United States	Canada	Canada	Germany	Switzerland	Switzerland	Germany					
Challenger Deep	650.6675769767287	0	6.6666666666666785	0	1	650.6675769767287													6.6666666666666785													Alberta													Canada												
Ryugyong Hotel (류경려관)	620.4092718289411	295.53946607616945	7.566666666666675	0.1999999999999993	2	324.8698057527716	915.9487379051105												7.366666666666676	7.766666666666675												Alberta	Saxony												Canada	Germany											
Taj Mahal	582.0286928816848	463.7572957252364	7.320000000000009	1.7646655333077774	5	914.5119686468704	414.3358682969487	122.39965318968304	1313.384791871172	145.5111824037497									3.800000000000022	8.13333333333334	8.366666666666672	8.000000000000007	8.300000000000006									Saxony	Alberta	Alberta	England	Alberta									Germany	Canada	Canada	United Kingdom	Canada								
Antelope Canyon	516.1167841657307	0	1.4000000000000266	0	1	516.1167841657307													1.4000000000000266													Florida													United States												
Discovery of Neanderthals	481.86031383827867	343.6639701827881	7.333333333333343	0.5206833117271084	4	801.4625385315892	88.17525680008656	192.90935401168852	844.8941060097504										6.600000000000012	7.266666666666676	8.066666666666674	7.400000000000009										Alberta	Alberta	Alberta	Florida										Canada	Canada	Canada	United States									
Sognefjord	477.2029474721819	264.7851979517987	7.15000000000001	0.14999999999999947	2	741.9881454239807	212.4177495203832												7.000000000000011	7.30000000000001												Alberta	Saxony												Canada	Germany											
Hagia Sophia	465.502341439126	413.10718533505195	6.411111111111123	1.1376822876595696	6	959.2019176306546	263.84629906195534	124.28738752676487	120.49235801639598	1124.3244725056536	200.86161389333148								4.366666666666687	5.466666666666683	6.600000000000012	7.20000000000001	7.500000000000009	7.333333333333343								Saxony	Florida	Alberta	Alberta	Saxony	Aargau								Germany	United States	Canada	Canada	Germany	Switzerland							
Grand Canyon	462.96997147647744	191.38497950445935	7.266666666666676	1.0333333333333297	2	654.3549509809368	271.5849919720181												6.233333333333347	8.300000000000006												Burgenland	Alberta												Austria	Canada											
Carthage, Carthaginian Civilization	458.56528382017467	514.6753830114076	7.62222222222223	0.7101556080566549	6	1171.7857544138064	80.42917924023507	15.109596477294527	1195.6913962872254	144.18788825124335	144.18788825124335								6.133333333333347	7.4333333333333425	7.966666666666674	7.866666666666674	8.13333333333334	8.200000000000006								Saxony	Florida	Alberta	Saxony	Alberta	Alberta								Germany	United States	Canada	Germany	Canada	Canada							
Temple of Artemis at Ephesus	456.60308820476274	466.0945866980637	6.705555555555567	1.5414539392773186	6	501.11323929052696	65.48053451348497	310.39907348790456	1456.005609948139	205.67878642413027	200.9412855643911								3.933333333333355	6.100000000000014	6.466666666666679	6.833333333333345	8.300000000000006	8.600000000000005								Burgenland	Florida	Saxony	California	Alberta	Alberta								Austria	United States	Germany	United States	Canada	Canada							
Uaxactun, Mayan Civilization	451.6032940604999	0	5.566666666666682	0	1	451.6032940604999													5.566666666666682													Burgenland													Austria												
Stonehenge	429.0639336212972	262.75264252006764	7.241666666666677	1.1265421528829773	4	822.9419138895497	493.16964344456034	277.6345441776245	122.5096329734543										5.366666666666683	8.03333333333334	7.366666666666676	8.200000000000006										Burgenland	Saxony	Aargau	Alberta										Austria	Germany	Switzerland	Canada									
St. Peter's Basilica	410.5217114977879	484.847538557353	5.941666666666681	1.1448859720028364	4	130.1117426292529	84.76168371540075	178.89269101554493	1248.3207286309532										6.500000000000012	5.633333333333349	7.366666666666676	4.266666666666687										England	England	Saxony	California										United Kingdom	United Kingdom	Germany	United States									
Lighthouse of Alexandria	408.16866629715963	395.4509994579528	7.011111111111123	1.230276492059232	6	89.20005427073738	1069.5166735303362	178.72146197512953	846.5162033146504	97.76140579453579	167.29619889756844								4.566666666666686	7.066666666666677	8.13333333333334	6.500000000000012	7.933333333333341	7.866666666666674								Florida	Saxony	Alberta	Saxony	Alberta	Florida								United States	Germany	Canada	Germany	Canada	United States							
I Have a Dream Speech	367.12051375001494	446.38677730112556	7.700000000000008	0.20869967789997965	5	36.80765311263807	1250.4115432842686	128.77795468629728	191.21256306060283	228.39285460626763									7.533333333333342	7.566666666666675	7.533333333333342	7.800000000000008	8.066666666666674									Saxony	Alberta	Saxony	Alberta	Florida									Germany	Canada	Germany	Canada	United States								
Area 51	359.00010664360434	323.52681732491305	8.111111111111118	0.31308895119122937	3	162.21766649060305	815.1089607950194	99.67369264519068											7.733333333333341	8.100000000000007	8.500000000000005											Alberta	Saxony	Alberta											Canada	Germany	Canada										
Fukushima Daiichi Nuclear Disaster (福島第一原子力発電所事故)	354.9812204945025	0	7.333333333333343	0	1	354.9812204945025													7.333333333333343													Aargau													Switzerland												
Forbidden City (故宫)	353.34431437895347	302.5154037001462	7.602777777777786	0.5647776247622568	12	138.5638782408134	536.4548985554902	1011.6480447314872	822.3412073033327	287.1013175527605	474.44788089945064	94.41681989410583	67.69124238956233	75.61434132628193	96.53422232139606	156.6042466487934	478.7136726839668		7.533333333333342	7.033333333333344	8.066666666666674	8.200000000000006	8.400000000000006	6.933333333333344	7.30000000000001	8.100000000000007	7.766666666666675	7.166666666666677	8.13333333333334	6.600000000000012		Florida	Saxony	Alberta	Saxony	Alberta	Saxony	Aargau	Saxony	Aargau	Alberta	Alberta	Florida		United States	Germany	Canada	Germany	Canada	Germany	Switzerland	Germany	Switzerland	Canada	Canada	United States	
The Kremlin	343.8723332164721	176.81215252230373	6.5222222222222355	2.108946258439893	3	291.805812975058	581.7088369899108	158.1023496844475											7.466666666666676	3.6000000000000227	8.500000000000005											Saxony	Florida	Alberta											Germany	United States	Canada										
Nikkō Tōshō-gū (日光東照宮)	340.67468455963444	28.75263485155145	7.9833333333333405	0.4166666666666652	2	369.4273194111859	311.922049708083												7.566666666666675	8.400000000000006												Alberta	Saxony												Canada	Germany											
Itsukushima Shrine (厳島神社)	311.373181992773	138.48616479494308	6.5000000000000115	1.4432473672115076	3	505.24165390320127	190.37884506614105	238.49904700897682											4.766666666666685	8.300000000000006	6.433333333333346											Florida	Alberta	Florida											United States	Canada	United States										
The Amber Room in the Catherine Palace	299.82552011491293	234.11907934444844	7.7250000000000085	0.5529592108726346	4	490.0789724874003	37.387772723170684	572.1079930328358	99.72734221624505										7.800000000000008	6.800000000000011	8.166666666666673	8.13333333333334										Alberta	Saxony	Alberta	Alberta										Canada	Germany	Canada	Canada									
Statue of Zeus at Olympia	287.4870375115159	179.77879379948766	7.508333333333342	0.5746375669353083	4	590.347461436362	213.6472377748889	227.19703177550159	118.75641905931107										6.900000000000011	8.433333333333339	7.20000000000001	7.500000000000009										Florida	Alberta	England	Saxony										United States	Canada	United Kingdom	Germany									
Niagara Falls	285.6224387137417	218.12549265853775	7.533333333333342	0.19148542155126694	4	118.4423742756336	650.0389820470594	258.121063954111	115.88733457816285										7.766666666666675	7.566666666666675	7.566666666666675	7.233333333333343										Alberta	Saxony	Saxony	Aargau										Canada	Germany	Germany	Switzerland									
Colossus of Rhodes	273.331661812061	104.47847788022517	7.677777777777787	0.6355710953811129	3	368.7627873611645	323.3059332966402	127.92626477837827											8.366666666666672	7.833333333333341	6.833333333333345											Alberta	Alberta	Alberta											Canada	Canada	Canada										
Burj Khalifa	257.39635623563896	309.52596958771005	6.2794871794871945	1.8593509786485771	13	191.42448671087422	224.41627509400695	30.19669920878925	26.61604417745954	511.8726786963433	139.61974504691332	96.16468089868167	344.1147487711575	193.77215167911777	56.08581703888774	144.16482674252805	1234.5161536843882	153.18832331415874	5.100000000000017	5.100000000000017	5.066666666666684	4.5000000000000195	1.9333333333333615	7.466666666666676	8.200000000000006	7.400000000000009	8.23333333333334	7.966666666666674	8.366666666666672	5.366666666666683	6.933333333333344	England	England	England	England	Florida	Alberta	Alberta	England	Alberta	England	Alberta	Saxony	Aargau	United Kingdom	United Kingdom	United Kingdom	United Kingdom	United States	Canada	Canada	United Kingdom	Canada	United Kingdom	Canada	Germany	Switzerland
Large Hadron Collider (LHC) at CERN	252.91407290759616	224.3391797318454	6.066666666666681	0.8302163930321145	6	698.5660583918142	363.2482407928164	159.466806596506	12.920538135544515	148.59047519536693	134.69231833352902								5.766666666666682	5.866666666666681	5.966666666666681	5.600000000000016	7.866666666666674	5.33333333333335								New York	New York	England	England	Alberta	England								United States	United States	United Kingdom	United Kingdom	Canada	United Kingdom							
Guantanamo Bay Detention Camp	221.7341591171001	99.91935897331747	7.233333333333344	0.913175168786845	8	304.47566052632465	271.2168108522722	175.6989439811519	82.68105453662041	295.3473316450762	384.9123665983998	138.73420369108803	120.80690110586768						6.133333333333347	6.033333333333347	6.36666666666668	8.166666666666673	7.733333333333341	7.933333333333341	7.000000000000011	8.500000000000005						England	England	Saxony	Alberta	Saxony	Saxony	Aargau	Alberta						United Kingdom	United Kingdom	Germany	Canada	Germany	Germany	Switzerland	Canada					
Machu Picchu	196.82963860527843	0	8.03333333333334	0	1	196.82963860527843													8.03333333333334													Alberta													Canada												
Statue of Liberty	194.03568794434693	76.55985034499277	5.800000000000015	1.6277682972799326	3	245.1554750309489	251.1328664120777	85.81872239001414											5.566666666666682	3.933333333333355	7.9000000000000075											England	England	Saxony											United Kingdom	United Kingdom	Germany										
Eiffel Tower	176.7017882684798	193.4516923200567	8.05333333333334	0.6668666366756609	5	90.66866436855864	92.78989035991806	561.619095307457	42.692011643875695	95.73927966258961									7.933333333333341	8.433333333333339	6.800000000000011	8.566666666666672	8.533333333333339									Saxony	Alberta	Bavaria	Alberta	Florida									Germany	Canada	Germany	Canada	United States								
The Colosseum	170.2097054730665	145.07960356992015	6.716666666666678	1.2234968101488592	4	410.5859204996251	39.1101774692698	155.90656576291119	75.23615816045995										4.900000000000018	7.933333333333341	6.300000000000013	7.733333333333341										Florida	Saxony	Saxony	Aargau										United States	Germany	Germany	Switzerland									
Auschwitz concentration camp	168.22271551157584	106.15861559532388	7.355555555555565	1.069902499307616	3	253.85282150329638	232.20228414320505	18.61304088822608											8.33333333333334	5.866666666666681	7.866666666666674											Florida	Florida	Alberta											United States	United States	Canada										
Loch Ness	142.25352375331008	72.47885035435496	7.526666666666676	0.7346654567443126	5	113.4247186875811	110.54807188278134	219.60645848451767	229.51202843636392	38.17634127530627									6.600000000000012	6.866666666666678	7.466666666666676	8.500000000000005	8.200000000000006									England	England	Aargau	Alberta	Alberta									United Kingdom	United Kingdom	Switzerland	Canada	Canada								
Pompeii (Mount Vesuvius)	135.0581226685711	0	7.000000000000011	0	1	135.0581226685711													7.000000000000011													Alberta													Canada												
Battle of Marathon	129.7674901229585	50.20156410257855	7.9111111111111185	0.5194964323360408	3	95.14319349939908	93.4031620227122	200.7561148467642											7.4333333333333425	8.633333333333338	7.666666666666675											Alberta	Alberta	Saxony											Canada	Canada	Germany										
Eyjafjallajökull Volcano	109.82494989353181	66.85122343096656	6.544444444444456	1.941807736092992	3	169.38512807602663	143.6299847895632	16.459736815005595											3.800000000000022	7.833333333333341	8.000000000000007											Burgenland	Alberta	Alberta											Austria	Canada	Canada										
Leaning Tower of Pisa	99.57865451744905	47.10795770514342	6.5416666666666785	0.35148494514938444	4	61.966026767098676	108.7526580555035	54.7497281407618	172.84620510643228										6.000000000000014	6.466666666666679	6.800000000000011	6.900000000000011										England	England	Alberta	Aargau										United Kingdom	United Kingdom	Canada	Switzerland									
Empire State Building	98.940350183739	66.32250390465754	8.044444444444451	0.2615244954653284	3	37.897825061667625	191.1330760103397	67.79014947920967											7.700000000000008	8.100000000000007	8.33333333333334											Alberta	England	Alberta											Canada	United Kingdom	Canada										
Louvre	90.77063707890548	19.47623627959249	7.775000000000008	1.317483923578909	4	110.50273874248187	90.32064378802325	59.428926948528236	102.83023883658862										5.500000000000016	8.366666666666672	8.633333333333338	8.600000000000005										Saxony	Florida	Alberta	Florida										Germany	United States	Canada	United States									
Galápagos Islands	83.9631470949419	30.295198489141033	7.933333333333341	0.2666666666666657	2	114.25834558408293	53.667948605800866												7.666666666666675	8.200000000000006												Alberta	Alberta												Canada	Canada											
Golden Gate Bridge	77.30567598782193	36.240416746101246	7.683333333333342	0.6677075208003352	4	65.19935443145806	48.78577594373328	55.97578880033745	139.26178477575888										6.566666666666679	7.866666666666674	7.966666666666674	8.33333333333334										Florida	Florida	Alberta	Alberta										United States	United States	Canada	Canada									
Loch Lomond	71.70380528472278	44.92897484998484	7.4444444444444535	0.9152345715649339	6	160.08672460177473	36.694546265194106	38.89821171681105	92.98391602105063	32.47940260063892	69.0800305028672								7.000000000000011	5.800000000000015	7.700000000000008	8.400000000000006	7.266666666666676	8.500000000000005								Saxony	Florida	Alberta	Alberta	England	Alberta								Germany	United States	Canada	Canada	United Kingdom	Canada							
Buckingham Palace	54.32704925133168	47.46493002182347	8.277777777777784	0.15475986974648967	3	20.764275364355363	121.4525970252843	20.764275364355363											8.066666666666674	8.33333333333334	8.433333333333339											Alberta	Saxony	Alberta											Canada	Germany	Canada										
Royal Palace of Amsterdam	44.08465509381328	23.063010839071477	6.816666666666678	0.8687475019948068	4	22.396139482718915	23.65788780779891	51.85476821820043	78.42982486653489										5.400000000000016	7.033333333333344	7.766666666666675	7.066666666666677										Burgenland	Saxony	Alberta	England										Austria	Germany	Canada	United Kingdom									
Christ the Redeemer Statue	10.697478032930949	0	8.166666666666673	0	1	10.697478032930949													8.166666666666673													Alberta													Canada												
